pipeline_id,start_latitude,start_longitude,end_latitude,end_longitude,center_latitude,center_longitude,pipe_age_years,material,diameter_mm,length_m,previous_failures,days_since_last_maintenance,complaints_last_30_days,leakage_complaints_30d,failure_probability,risk_score,risk_level
IND-PIPE-00001,22.724517,75.843688,22.722711,75.84613,22.723614,75.844909,63,PVC,150,335.6,1,688,3,2,0.5049,50.5,MEDIUM
IND-PIPE-00002,22.724517,75.843688,22.723319,75.852094,22.723918,75.847891,56,Cast Iron,150,897.9,0,1041,0,0,0.638,63.8,MEDIUM
IND-PIPE-00003,22.724517,75.843688,22.723135,75.849214,22.723826,75.846451,68,Cast Iron,150,616.7,1,6,0,0,0.6632,66.3,MEDIUM
IND-PIPE-00004,22.718231,75.853536,22.715788,75.86113,22.717009,75.857333,35,Concrete,150,845.1,0,427,3,2,0.396,39.6,LOW
IND-PIPE-00005,22.718231,75.853536,22.72318,75.855271,22.720706,75.854403,73,Cast Iron,100,595.9,1,172,0,0,0.7126,71.3,HIGH
IND-PIPE-00006,22.718231,75.853536,22.714469,75.862476,22.71635,75.858006,40,Cast Iron,300,1037.2,1,2053,5,3,0.7548,75.5,HIGH
IND-PIPE-00007,22.718231,75.853536,22.722184,75.859222,22.720208,75.856379,59,Ductile Iron,300,766.7,0,1115,0,0,0.3867,38.7,LOW
IND-PIPE-00008,22.726012,75.854307,22.724971,75.856963,22.725492,75.855635,62,Concrete,300,303.8,1,877,1,0,0.6137,61.4,MEDIUM
IND-PIPE-00009,22.726012,75.854307,22.723319,75.852094,22.724666,75.8532,46,Ductile Iron,250,391.0,0,65,9,5,0.3456,34.6,LOW
IND-PIPE-00010,22.726012,75.854307,22.721668,75.849946,22.72384,75.852126,63,Ductile Iron,100,692.8,3,26,4,4,0.5867,58.7,MEDIUM
IND-PIPE-00011,22.726012,75.854307,22.725656,75.859999,22.725834,75.857153,61,Cast Iron,150,596.2,2,1815,3,2,0.8436,84.4,HIGH
IND-PIPE-00012,22.726012,75.854307,22.728662,75.862385,22.727337,75.858346,70,Concrete,200,893.7,7,1384,7,7,0.9586,95.9,HIGH
IND-PIPE-00013,22.726012,75.854307,22.722855,75.856979,22.724433,75.855643,71,Cast Iron,150,468.8,1,155,3,2,0.7458,74.6,HIGH
IND-PIPE-00014,22.726012,75.854307,22.722532,75.84895,22.724272,75.851628,60,Cast Iron,200,699.6,3,232,0,0,0.7225,72.3,HIGH
IND-PIPE-00015,22.734678,75.849757,22.742531,75.844307,22.738604,75.847032,75,Cast Iron,600,1091.3,3,2880,10,9,0.9744,97.4,HIGH
IND-PIPE-00016,22.717282,75.856103,22.722808,75.86018,22.720045,75.858142,65,Cast Iron,600,769.7,2,1344,13,12,0.9407,94.1,HIGH
IND-PIPE-00017,22.717282,75.856103,22.716539,75.862391,22.71691,75.859247,62,Cast Iron,100,657.1,2,797,2,2,0.7827,78.3,HIGH
IND-PIPE-00018,22.717282,75.856103,22.720508,75.85508,22.718895,75.855592,58,Ductile Iron,200,385.3,0,1386,2,1,0.4284,42.8,MEDIUM
IND-PIPE-00019,22.717282,75.856103,22.711596,75.855488,22.714439,75.855795,61,Cast Iron,600,653.9,6,14,1,1,0.8307,83.1,HIGH
IND-PIPE-00020,22.717282,75.856103,22.714355,75.849317,22.715819,75.85271,49,Ductile Iron,500,779.4,0,2365,2,2,0.4863,48.6,MEDIUM
IND-PIPE-00021,22.717282,75.856103,22.720561,75.85328,22.718921,75.854691,61,Cast Iron,500,489.2,4,497,0,0,0.7727,77.3,HIGH
IND-PIPE-00022,22.717282,75.8617,22.713654,75.858687,22.715468,75.860193,48,Concrete,150,513.3,3,262,7,5,0.7087,70.9,HIGH
IND-PIPE-00023,22.717282,75.8617,22.714469,75.862476,22.715876,75.862088,57,Cast Iron,300,340.7,3,1894,17,14,0.9616,96.2,HIGH
IND-PIPE-00024,22.717282,75.8617,22.722855,75.856979,22.720068,75.85934,67,Cast Iron,100,825.8,4,63,12,8,0.9209,92.1,HIGH
IND-PIPE-00025,22.717282,75.8617,22.719651,75.858276,22.718466,75.859988,63,Cast Iron,150,463.1,3,1019,3,3,0.8443,84.4,HIGH
IND-PIPE-00026,22.735234,75.876373,22.733695,75.878916,22.734465,75.877645,29,Ductile Iron,200,322.4,1,309,3,2,0.2094,20.9,LOW
IND-PIPE-00027,22.735234,75.876373,22.735826,75.87227,22.73553,75.874322,42,PVC,200,445.4,1,613,1,1,0.3068,30.7,LOW
IND-PIPE-00028,22.735234,75.876373,22.737848,75.881487,22.736541,75.87893,47,PVC,100,634.1,1,419,0,0,0.3097,31.0,LOW
IND-PIPE-00029,22.735234,75.876373,22.735409,75.882166,22.735321,75.87927,65,PVC,150,620.4,2,839,8,7,0.7327,73.3,HIGH
IND-PIPE-00030,22.727198,75.859428,22.719245,75.856937,22.723221,75.858183,62,Cast Iron,200,940.1,3,478,3,2,0.8089,80.9,HIGH
IND-PIPE-00031,22.714952,75.86025,22.714033,75.860685,22.714493,75.860468,53,Cast Iron,100,117.9,1,1114,1,1,0.6649,66.5,MEDIUM
IND-PIPE-00032,22.714952,75.86025,22.709573,75.857356,22.712263,75.858803,59,Cast Iron,100,685.6,2,276,7,6,0.8155,81.5,HIGH
IND-PIPE-00033,22.714952,75.86025,22.716712,75.852716,22.715832,75.856483,55,Cast Iron,100,825.2,7,1934,5,5,0.9522,95.2,HIGH
IND-PIPE-00034,22.714952,75.86025,22.716619,75.859528,22.715786,75.859889,55,Cast Iron,600,203.3,1,804,0,0,0.6086,60.9,MEDIUM
IND-PIPE-00035,22.714952,75.86025,22.712898,75.850968,22.713925,75.855609,46,Cast Iron,100,991.5,1,261,4,3,0.6367,63.7,MEDIUM
IND-PIPE-00036,22.714952,75.86025,22.717425,75.863894,22.716189,75.862072,67,Cast Iron,300,469.1,2,265,3,1,0.7512,75.1,HIGH
IND-PIPE-00037,22.714952,75.86025,22.714469,75.862476,22.714711,75.861363,49,Concrete,150,239.7,3,83,1,1,0.5615,56.1,MEDIUM
IND-PIPE-00038,22.724971,75.856963,22.726911,75.859952,22.725941,75.858457,48,Cast Iron,100,392.0,4,1657,1,1,0.8103,81.0,HIGH
IND-PIPE-00039,22.724971,75.856963,22.72919,75.866178,22.72708,75.861571,54,Ductile Iron,250,1076.4,1,377,6,5,0.4972,49.7,MEDIUM
IND-PIPE-00040,22.724971,75.856963,22.724262,75.863339,22.724617,75.860151,74,Cast Iron,500,673.9,3,767,2,1,0.8484,84.8,HIGH
IND-PIPE-00041,22.715012,75.838704,22.716143,75.830976,22.715578,75.83484,42,Concrete,200,848.0,1,106,0,0,0.4018,40.2,MEDIUM
IND-PIPE-00042,22.714989,75.857438,22.716619,75.859528,22.715804,75.858483,61,Ductile Iron,100,292.3,2,388,2,1,0.4556,45.6,MEDIUM
IND-PIPE-00043,22.714989,75.857438,22.716539,75.862391,22.715764,75.859914,47,Cast Iron,200,544.9,0,347,0,0,0.4792,47.9,MEDIUM
IND-PIPE-00044,22.714989,75.857438,22.719245,75.856937,22.717117,75.857187,55,Steel,600,497.4,0,136,1,0,0.3689,36.9,LOW
IND-PIPE-00045,22.714989,75.857438,22.714469,75.862476,22.714729,75.859957,65,Ductile Iron,250,534.8,4,1853,7,6,0.8318,83.2,HIGH
IND-PIPE-00046,22.714989,75.857438,22.714472,75.866677,22.71473,75.862057,74,Cast Iron,100,998.2,6,2016,15,13,0.9886,98.9,HIGH
IND-PIPE-00047,22.721995,75.858296,22.714033,75.860685,22.718014,75.859491,66,Steel,500,967.5,1,1564,2,1,0.6992,69.9,MEDIUM
IND-PIPE-00048,22.721995,75.858296,22.722808,75.86018,22.722402,75.859238,54,Cast Iron,200,224.5,4,62,5,4,0.79,79.0,HIGH
IND-PIPE-00049,22.721995,75.858296,22.718887,75.865838,22.720441,75.862067,65,Ductile Iron,200,883.0,1,2572,11,10,0.8582,85.8,HIGH
IND-PIPE-00050,22.721995,75.858296,22.720462,75.857829,22.721229,75.858062,59,Cast Iron,600,181.9,5,375,0,0,0.7768,77.7,HIGH
IND-PIPE-00051,22.721995,75.858296,22.722855,75.856979,22.722425,75.857638,51,Cast Iron,150,171.9,0,1509,3,2,0.6741,67.4,MEDIUM
IND-PIPE-00052,22.721995,75.858296,22.719651,75.858276,22.720823,75.858286,48,Concrete,200,270.1,3,1144,4,1,0.6812,68.1,MEDIUM
IND-PIPE-00053,22.700659,75.882086,22.699923,75.88463,22.700291,75.883358,57,Cast Iron,500,279.7,2,341,3,3,0.7139,71.4,HIGH
IND-PIPE-00054,22.702523,75.855796,22.700199,75.854512,22.701361,75.855154,53,Cast Iron,200,306.3,1,127,13,11,0.8255,82.6,HIGH
IND-PIPE-00055,22.702523,75.855796,22.705111,75.861515,22.703817,75.858655,63,Cast Iron,100,673.0,4,2482,1,1,0.9107,91.1,HIGH
IND-PIPE-00056,22.714033,75.860685,22.710611,75.869014,22.712322,75.86485,50,Steel,150,978.1,3,355,7,6,0.7144,71.4,HIGH
IND-PIPE-00057,22.714033,75.860685,22.716619,75.859528,22.715326,75.860107,74,Concrete,150,329.1,5,591,10,9,0.9356,93.6,HIGH
IND-PIPE-00058,22.714033,75.860685,22.715788,75.86113,22.714911,75.860908,57,Concrete,250,203.7,4,2897,3,3,0.8898,89.0,HIGH
IND-PIPE-00059,22.714033,75.860685,22.708647,75.86917,22.71134,75.864928,56,Cast Iron,150,1112.2,1,505,0,0,0.6466,64.7,MEDIUM
IND-PIPE-00060,22.714033,75.860685,22.717425,75.863894,22.715729,75.86229,65,Concrete,200,523.2,2,626,18,13,0.9175,91.8,HIGH
IND-PIPE-00061,22.714033,75.860685,22.714469,75.862476,22.714251,75.861581,55,Cast Iron,200,200.9,2,801,5,3,0.7584,75.8,HIGH
IND-PIPE-00062,22.714033,75.860685,22.711596,75.855488,22.712815,75.858087,57,Ductile Iron,150,618.3,0,617,8,6,0.5111,51.1,MEDIUM
IND-PIPE-00063,22.714033,75.860685,22.71265,75.85982,22.713342,75.860252,50,Steel,150,179.8,0,1342,0,0,0.4433,44.3,MEDIUM
IND-PIPE-00064,22.714033,75.860685,22.715718,75.859414,22.714876,75.86005,47,Cast Iron,150,238.4,3,369,1,1,0.6537,65.4,MEDIUM
IND-PIPE-00065,22.709573,75.857356,22.716712,75.852716,22.713143,75.855036,53,Steel,300,954.2,2,646,8,6,0.7159,71.6,HIGH
IND-PIPE-00066,22.709573,75.857356,22.714633,75.864769,22.712103,75.861062,52,Cast Iron,300,995.3,1,388,4,3,0.6841,68.4,MEDIUM
IND-PIPE-00067,22.722711,75.84613,22.719466,75.847183,22.721089,75.846657,61,Cast Iron,100,394.0,7,440,14,13,0.9695,97.0,HIGH
IND-PIPE-00068,22.722711,75.84613,22.721668,75.849946,22.722189,75.848038,55,Concrete,250,430.2,2,302,6,3,0.6636,66.4,MEDIUM
IND-PIPE-00069,22.722711,75.84613,22.723135,75.849214,22.722923,75.847672,50,Concrete,150,324.2,1,424,9,6,0.6693,66.9,MEDIUM
IND-PIPE-00070,22.722711,75.84613,22.722532,75.84895,22.722621,75.84754,66,Cast Iron,100,306.5,2,1045,1,1,0.7894,78.9,HIGH
IND-PIPE-00071,22.722711,75.84613,22.717278,75.846385,22.719994,75.846257,44,Cast Iron,100,623.1,2,66,5,4,0.6629,66.3,MEDIUM
IND-PIPE-00072,22.710611,75.869014,22.705618,75.865144,22.708114,75.867079,66,Cast Iron,300,721.7,4,1164,0,0,0.85,85.0,HIGH
IND-PIPE-00073,22.710611,75.869014,22.712474,75.86544,22.711542,75.867227,52,Cast Iron,100,428.9,5,188,0,0,0.746,74.6,HIGH
IND-PIPE-00074,22.710611,75.869014,22.708647,75.86917,22.709629,75.869092,71,PVC,300,230.6,5,563,1,0,0.6901,69.0,MEDIUM
IND-PIPE-00075,22.710611,75.869014,22.717871,75.869324,22.714241,75.869169,35,PVC,100,848.9,0,979,1,1,0.2682,26.8,LOW
IND-PIPE-00076,22.710611,75.869014,22.714472,75.866677,22.712541,75.867845,52,Cast Iron,100,499.1,4,654,4,3,0.8113,81.1,HIGH
IND-PIPE-00077,22.705618,75.865144,22.704963,75.860273,22.70529,75.862708,75,Cast Iron,250,517.3,5,848,1,0,0.8916,89.2,HIGH
IND-PIPE-00078,22.705618,75.865144,22.708647,75.86917,22.707133,75.867157,60,Concrete,150,563.5,4,809,2,2,0.7846,78.5,HIGH
IND-PIPE-00079,22.73411,75.865531,22.733027,75.861787,22.733568,75.863659,47,Concrete,100,407.2,4,632,8,7,0.8041,80.4,HIGH
IND-PIPE-00080,22.73411,75.865531,22.728662,75.862385,22.731386,75.863958,75,Cast Iron,150,696.7,3,289,2,2,0.8453,84.5,HIGH
IND-PIPE-00081,22.73411,75.865531,22.729637,75.869332,22.731873,75.867432,39,Ductile Iron,100,649.5,0,183,1,1,0.2055,20.6,LOW
IND-PIPE-00082,22.717365,75.848697,22.714856,75.848051,22.71611,75.848374,34,PVC,250,300.7,1,207,9,6,0.3604,36.0,LOW
IND-PIPE-00083,22.717365,75.848697,22.723135,75.849214,22.72025,75.848956,69,Cast Iron,200,674.2,2,1070,2,2,0.8324,83.2,HIGH
IND-PIPE-00084,22.717365,75.848697,22.711596,75.855488,22.71448,75.852092,51,Cast Iron,150,957.4,3,802,1,1,0.7475,74.8,HIGH
IND-PIPE-00085,22.717365,75.848697,22.724681,75.842703,22.721023,75.8457,49,Cast Iron,250,1058.6,3,328,7,5,0.7984,79.8,HIGH
IND-PIPE-00086,22.720269,75.871588,22.721297,75.870641,22.720783,75.871114,48,PVC,150,154.0,1,303,2,1,0.3169,31.7,LOW
IND-PIPE-00087,22.720269,75.871588,22.718887,75.865838,22.719578,75.868713,43,Cast Iron,300,628.5,4,382,0,0,0.6607,66.1,MEDIUM
IND-PIPE-00088,22.720269,75.871588,22.723866,75.872005,22.722067,75.871796,51,Cast Iron,200,411.5,1,1141,3,3,0.7136,71.4,HIGH
IND-PIPE-00089,22.720269,75.871588,22.723701,75.871839,22.721985,75.871713,73,Cast Iron,300,389.9,4,336,1,1,0.841,84.1,HIGH
IND-PIPE-00090,22.720269,75.871588,22.717871,75.869324,22.71907,75.870456,67,Cast Iron,200,373.6,4,771,4,4,0.8831,88.3,HIGH
IND-PIPE-00091,22.720269,75.871588,22.728985,75.870476,22.724627,75.871032,41,Ductile Iron,200,1006.2,0,573,1,0,0.2398,24.0,LOW
IND-PIPE-00092,22.720269,75.871588,22.723078,75.869835,22.721673,75.870711,42,Cast Iron,100,365.7,1,277,4,2,0.5579,55.8,MEDIUM
IND-PIPE-00093,22.705495,75.843822,22.708205,75.847894,22.70685,75.845858,65,Concrete,200,534.6,4,816,11,9,0.9121,91.2,HIGH
IND-PIPE-00094,22.714211,75.86351,22.714633,75.864769,22.714422,75.864139,58,Steel,200,143.9,4,3000,0,0,0.8255,82.5,HIGH
IND-PIPE-00095,22.714211,75.86351,22.705111,75.861515,22.709661,75.862512,61,Concrete,150,1055.3,1,1695,4,3,0.7855,78.5,HIGH
IND-PIPE-00096,22.720698,75.879386,22.719191,75.878627,22.719945,75.879006,59,Cast Iron,100,194.6,4,502,1,1,0.7831,78.3,HIGH
IND-PIPE-00097,22.720698,75.879386,22.717871,75.869324,22.719284,75.874355,63,Cast Iron,100,1117.5,4,2476,2,2,0.9261,92.6,HIGH
IND-PIPE-00098,22.720698,75.879386,22.72558,75.876377,22.723139,75.877881,47,PVC,250,639.9,1,14,5,4,0.3818,38.2,LOW
IND-PIPE-00099,22.723319,75.852094,22.726911,75.859952,22.725115,75.856023,48,Concrete,100,909.8,0,512,19,12,0.8088,80.9,HIGH
IND-PIPE-00100,22.723319,75.852094,22.723178,75.848894,22.723249,75.850494,51,Cast Iron,250,340.6,3,974,1,1,0.7342,73.4,HIGH
IND-PIPE-00101,22.723319,75.852094,22.719245,75.856937,22.721282,75.854515,79,Cast Iron,150,696.2,4,798,5,4,0.9257,92.6,HIGH
IND-PIPE-00102,22.723319,75.852094,22.720508,75.85508,22.721914,75.853587,57,Cast Iron,200,445.0,8,313,2,2,0.8962,89.6,HIGH
IND-PIPE-00103,22.723319,75.852094,22.720561,75.85328,22.72194,75.852687,57,Cast Iron,150,346.8,2,1807,8,8,0.8982,89.8,HIGH
IND-PIPE-00104,22.723319,75.852094,22.722532,75.84895,22.722926,75.850522,51,PVC,400,341.5,1,2190,2,0,0.5053,50.5,MEDIUM
IND-PIPE-00105,22.713654,75.858687,22.716539,75.862391,22.715096,75.860539,45,Concrete,150,524.1,0,2295,5,2,0.6617,66.2,MEDIUM
IND-PIPE-00106,22.713654,75.858687,22.719245,75.856937,22.716449,75.857812,67,Cast Iron,200,685.5,4,35,2,2,0.8243,82.4,HIGH
IND-PIPE-00107,22.713654,75.858687,22.717425,75.863894,22.715539,75.86129,63,Cast Iron,600,711.4,2,3000,11,9,0.9549,95.5,HIGH
IND-PIPE-00108,22.713654,75.858687,22.714469,75.862476,22.714061,75.860582,52,Steel,150,403.8,0,419,14,9,0.6778,67.8,MEDIUM
IND-PIPE-00109,22.713654,75.858687,22.714633,75.864769,22.714143,75.861728,60,Cast Iron,250,662.4,2,165,1,1,0.6936,69.4,MEDIUM
IND-PIPE-00110,22.713654,75.858687,22.719651,75.858276,22.716652,75.858481,60,Cast Iron,300,678.0,3,1549,4,3,0.8665,86.6,HIGH
IND-PIPE-00111,22.716712,75.852716,22.719245,75.856937,22.717979,75.854826,67,Cast Iron,100,533.6,8,247,20,18,0.9883,98.8,HIGH
IND-PIPE-00112,22.713643,75.842348,22.719466,75.847183,22.716555,75.844766,79,Cast Iron,150,860.5,5,136,10,8,0.9528,95.3,HIGH
IND-PIPE-00113,22.713643,75.842348,22.708556,75.839901,22.7111,75.841125,47,Cast Iron,250,640.3,0,1756,4,3,0.7108,71.1,HIGH
IND-PIPE-00114,22.719466,75.847183,22.727743,75.848598,22.723605,75.84789,49,Cast Iron,300,949.0,0,893,1,1,0.5961,59.6,MEDIUM
IND-PIPE-00115,22.719466,75.847183,22.721668,75.849946,22.720567,75.848564,43,Cast Iron,100,395.2,3,710,10,6,0.8059,80.6,HIGH
IND-PIPE-00116,22.719466,75.847183,22.723135,75.849214,22.721301,75.848199,57,Cast Iron,150,468.9,3,1081,0,0,0.7637,76.4,HIGH
IND-PIPE-00117,22.719466,75.847183,22.722532,75.84895,22.720999,75.848067,58,Concrete,100,407.9,4,573,22,19,0.9618,96.2,HIGH
IND-PIPE-00118,22.719466,75.847183,22.717278,75.846385,22.718372,75.846784,80,Steel,150,264.9,4,103,1,1,0.7695,77.0,HIGH
IND-PIPE-00119,22.709129,75.862389,22.705111,75.861515,22.70712,75.861952,69,Cast Iron,600,472.1,5,3000,2,1,0.9457,94.6,HIGH
IND-PIPE-00120,22.727743,75.848598,22.720508,75.85508,22.724126,75.851839,59,Cast Iron,200,1070.2,3,2803,2,2,0.9086,90.9,HIGH
IND-PIPE-00121,22.727743,75.848598,22.722532,75.84895,22.725137,75.848774,64,Cast Iron,250,600.7,3,1762,16,13,0.9654,96.5,HIGH
IND-PIPE-00122,22.707514,75.873044,22.704141,75.874275,22.705827,75.87366,66,Cast Iron,200,417.5,4,1388,6,5,0.9174,91.7,HIGH
IND-PIPE-00123,22.721668,75.849946,22.72882,75.850628,22.725244,75.850287,74,Cast Iron,400,839.0,6,1399,13,9,0.9766,97.7,HIGH
IND-PIPE-00124,22.721668,75.849946,22.72318,75.855271,22.722424,75.852608,79,Cast Iron,100,582.7,5,156,8,7,0.9433,94.3,HIGH
IND-PIPE-00125,22.721668,75.849946,22.723135,75.849214,22.722402,75.84958,53,Cast Iron,200,189.8,2,1367,4,4,0.7954,79.5,HIGH
IND-PIPE-00126,22.706451,75.865754,22.705111,75.861515,22.705781,75.863634,56,Cast Iron,200,479.0,5,1133,11,9,0.9384,93.8,HIGH
IND-PIPE-00127,22.721549,75.845514,22.718455,75.841786,22.720002,75.84365,54,Cast Iron,150,532.5,5,515,0,0,0.7839,78.4,HIGH
IND-PIPE-00128,22.721549,75.845514,22.723178,75.848894,22.722363,75.847204,68,Cast Iron,100,401.9,2,350,2,2,0.7747,77.5,HIGH
IND-PIPE-00129,22.721549,75.845514,22.720508,75.85508,22.721029,75.850297,42,PVC,100,1006.0,1,1432,6,4,0.5195,51.9,MEDIUM
IND-PIPE-00130,22.721549,75.845514,22.722532,75.84895,22.72204,75.847232,66,Ductile Iron,250,384.5,3,1300,11,10,0.8361,83.6,HIGH
IND-PIPE-00131,22.726911,75.859952,22.722808,75.86018,22.72486,75.860066,49,Cast Iron,250,468.9,6,514,29,23,0.9859,98.6,HIGH
IND-PIPE-00132,22.726911,75.859952,22.722855,75.856979,22.724883,75.858465,54,Concrete,100,563.7,1,43,12,7,0.7152,71.5,HIGH
IND-PIPE-00133,22.721297,75.870641,22.714633,75.864769,22.717965,75.867705,80,Cast Iron,150,984.0,5,264,1,1,0.9017,90.2,HIGH
IND-PIPE-00134,22.721297,75.870641,22.72558,75.876377,22.723438,75.873509,52,Ductile Iron,500,768.0,0,942,4,3,0.4026,40.3,MEDIUM
IND-PIPE-00135,22.718455,75.841786,22.72288,75.845906,22.720667,75.843846,56,Cast Iron,150,667.7,6,729,2,1,0.8625,86.3,HIGH
IND-PIPE-00136,22.718455,75.841786,22.723178,75.848894,22.720816,75.84534,50,Cast Iron,400,927.4,2,1999,13,8,0.9084,90.8,HIGH
IND-PIPE-00137,22.718455,75.841786,22.721939,75.838282,22.720197,75.840034,57,PVC,400,545.4,0,160,2,2,0.3462,34.6,LOW
IND-PIPE-00138,22.716619,75.859528,22.715788,75.86113,22.716203,75.860329,54,Cast Iron,200,193.1,3,2793,26,20,0.9866,98.7,HIGH
IND-PIPE-00139,22.716619,75.859528,22.716539,75.862391,22.716579,75.860959,46,Concrete,100,302.2,3,729,3,3,0.6627,66.3,MEDIUM
IND-PIPE-00140,22.716619,75.859528,22.717762,75.865492,22.717191,75.86251,66,Cast Iron,200,637.2,5,408,2,2,0.8668,86.7,HIGH
IND-PIPE-00141,22.704963,75.860273,22.712474,75.86544,22.708718,75.862856,51,Cast Iron,300,1037.4,5,14,3,2,0.7921,79.2,HIGH
IND-PIPE-00142,22.712474,75.86544,22.708647,75.86917,22.71056,75.867305,71,PVC,150,583.1,1,897,0,0,0.534,53.4,MEDIUM
IND-PIPE-00143,22.712474,75.86544,22.714469,75.862476,22.713471,75.863958,52,Cast Iron,100,391.4,3,2876,23,17,0.9815,98.2,HIGH
IND-PIPE-00144,22.712474,75.86544,22.71265,75.85982,22.712562,75.86263,69,Cast Iron,300,585.1,2,386,0,0,0.741,74.1,HIGH
IND-PIPE-00145,22.712474,75.86544,22.714472,75.866677,22.713473,75.866058,55,Cast Iron,300,269.1,4,775,2,2,0.7976,79.8,HIGH
IND-PIPE-00146,22.71504,75.845454,22.707758,75.849575,22.711399,75.847515,62,Cast Iron,100,925.1,4,265,4,3,0.8456,84.6,HIGH
IND-PIPE-00147,22.71504,75.845454,22.713213,75.850238,22.714126,75.847846,51,Concrete,200,548.9,1,626,2,1,0.5485,54.9,MEDIUM
IND-PIPE-00148,22.71504,75.845454,22.714355,75.849317,22.714698,75.847385,62,Concrete,150,421.8,1,3000,13,11,0.9382,93.8,HIGH
IND-PIPE-00149,22.71504,75.845454,22.716356,75.845367,22.715698,75.845411,42,Concrete,150,148.6,1,2422,5,4,0.7174,71.7,HIGH
IND-PIPE-00150,22.71504,75.845454,22.722532,75.84895,22.718786,75.847202,54,Ductile Iron,100,953.2,0,123,10,6,0.4735,47.3,MEDIUM
IND-PIPE-00151,22.71504,75.845454,22.717278,75.846385,22.716159,75.845919,58,Ductile Iron,150,271.9,1,23,0,0,0.3091,30.9,LOW
IND-PIPE-00152,22.71504,75.845454,22.708556,75.839901,22.711798,75.842678,34,Steel,200,947.3,1,21,2,2,0.3364,33.6,LOW
IND-PIPE-00153,22.723002,75.862867,22.716539,75.862391,22.71977,75.862629,63,Cast Iron,100,739.7,7,393,1,1,0.8929,89.3,HIGH
IND-PIPE-00154,22.723002,75.862867,22.720462,75.857829,22.721732,75.860348,64,Cast Iron,250,614.2,8,321,1,0,0.9009,90.1,HIGH
IND-PIPE-00155,22.723002,75.862867,22.732329,75.863263,22.727665,75.863065,47,Ductile Iron,400,1083.5,2,498,2,2,0.4061,40.6,MEDIUM
IND-PIPE-00156,22.722808,75.86018,22.720462,75.857829,22.721635,75.859004,62,Cast Iron,200,375.7,9,2136,10,10,0.9854,98.5,HIGH
IND-PIPE-00157,22.715788,75.86113,22.716539,75.862391,22.716163,75.86176,66,Concrete,250,159.1,6,1124,4,3,0.8908,89.1,HIGH
IND-PIPE-00158,22.715788,75.86113,22.72318,75.855271,22.719484,75.8582,69,Concrete,100,1069.3,4,86,0,0,0.7601,76.0,HIGH
IND-PIPE-00159,22.715788,75.86113,22.717425,75.863894,22.716606,75.862512,56,PVC,150,349.3,1,127,9,4,0.4876,48.8,MEDIUM
IND-PIPE-00160,22.715788,75.86113,22.714469,75.862476,22.715128,75.861803,54,Cast Iron,250,211.4,7,1402,0,0,0.8812,88.1,HIGH
IND-PIPE-00161,22.715788,75.86113,22.71265,75.85982,22.714219,75.860475,57,Cast Iron,400,389.7,5,905,5,5,0.8876,88.8,HIGH
IND-PIPE-00162,22.715788,75.86113,22.724262,75.863339,22.720025,75.862235,27,Cast Iron,400,994.6,3,886,5,3,0.6543,65.4,MEDIUM
IND-PIPE-00163,22.712898,75.850968,22.713213,75.850238,22.713056,75.850603,53,Concrete,100,85.0,2,1621,5,3,0.746,74.6,HIGH
IND-PIPE-00164,22.712898,75.850968,22.719245,75.856937,22.716072,75.853952,62,Cast Iron,250,977.2,5,1001,4,4,0.9079,90.8,HIGH
IND-PIPE-00165,22.712898,75.850968,22.720508,75.85508,22.716703,75.853024,54,Steel,150,964.7,2,839,3,3,0.6535,65.4,MEDIUM
IND-PIPE-00166,22.712898,75.850968,22.711596,75.855488,22.712247,75.853228,68,PVC,400,499.9,1,505,12,9,0.7301,73.0,HIGH
IND-PIPE-00167,22.712898,75.850968,22.714355,75.849317,22.713627,75.850142,69,Cast Iron,150,238.9,3,1336,7,4,0.8995,90.0,HIGH
IND-PIPE-00168,22.725656,75.859999,22.729258,75.8642,22.727457,75.8621,55,Cast Iron,150,594.9,6,146,4,3,0.8564,85.6,HIGH
IND-PIPE-00169,22.725656,75.859999,22.722184,75.859222,22.72392,75.859611,49,Concrete,100,414.2,2,522,1,1,0.5637,56.4,MEDIUM
IND-PIPE-00170,22.725656,75.859999,22.719651,75.858276,22.722653,75.859138,58,Cast Iron,250,722.9,2,111,0,0,0.6515,65.2,MEDIUM
IND-PIPE-00171,22.729807,75.860601,22.72919,75.866178,22.729498,75.86339,27,Concrete,500,585.9,2,2645,5,4,0.6896,69.0,MEDIUM
IND-PIPE-00172,22.72882,75.850628,22.723135,75.849214,22.725978,75.849921,56,Concrete,250,682.1,2,1764,4,2,0.7704,77.0,HIGH
IND-PIPE-00173,22.711292,75.876171,22.713106,75.880344,22.712199,75.878258,61,Cast Iron,100,500.3,3,2297,5,4,0.9108,91.1,HIGH
IND-PIPE-00174,22.716539,75.862391,22.717762,75.865492,22.71715,75.863942,64,Concrete,150,356.7,5,200,4,4,0.8289,82.9,HIGH
IND-PIPE-00175,22.716539,75.862391,22.720508,75.85508,22.718524,75.858735,57,Cast Iron,250,914.4,5,143,5,4,0.8581,85.8,HIGH
IND-PIPE-00176,22.716539,75.862391,22.714469,75.862476,22.715504,75.862434,51,Cast Iron,150,237.2,5,2561,3,3,0.9114,91.1,HIGH
IND-PIPE-00177,22.716539,75.862391,22.722855,75.856979,22.719697,75.859685,60,Cast Iron,300,925.4,6,528,3,2,0.8836,88.4,HIGH
IND-PIPE-00178,22.716539,75.862391,22.715718,75.859414,22.716128,75.860903,57,Concrete,100,324.6,3,76,2,2,0.6548,65.5,MEDIUM
IND-PIPE-00179,22.716539,75.862391,22.724262,75.863339,22.720401,75.862865,76,Cast Iron,250,902.6,6,464,4,4,0.9376,93.8,HIGH
IND-PIPE-00180,22.72288,75.845906,22.714856,75.848051,22.718868,75.846978,51,Cast Iron,150,964.2,7,373,3,2,0.8727,87.3,HIGH
IND-PIPE-00181,22.72288,75.845906,22.720561,75.85328,22.72172,75.849593,62,Concrete,250,832.1,1,760,0,0,0.6208,62.1,MEDIUM
IND-PIPE-00182,22.729258,75.8642,22.727737,75.865889,22.728497,75.865044,69,Concrete,200,251.3,4,539,4,3,0.8248,82.5,HIGH
IND-PIPE-00183,22.729258,75.8642,22.728985,75.870476,22.729121,75.867338,49,Steel,300,677.0,1,176,10,8,0.6386,63.9,MEDIUM
IND-PIPE-00184,22.729258,75.8642,22.727705,75.873217,22.728482,75.868709,60,Cast Iron,200,950.4,2,938,2,2,0.7892,78.9,HIGH
IND-PIPE-00185,22.714856,75.848051,22.711596,75.855488,22.713226,75.851769,72,Cast Iron,100,890.8,8,218,12,8,0.9721,97.2,HIGH
IND-PIPE-00186,22.717762,75.865492,22.714633,75.864769,22.716197,75.86513,52,Cast Iron,100,373.7,2,3000,13,12,0.9541,95.4,HIGH
IND-PIPE-00187,22.717762,75.865492,22.723866,75.872005,22.720814,75.868748,41,Cast Iron,100,1005.5,0,1287,7,4,0.6908,69.1,MEDIUM
IND-PIPE-00188,22.717762,75.865492,22.717871,75.869324,22.717816,75.867408,60,Steel,200,409.4,1,391,0,0,0.4875,48.8,MEDIUM
IND-PIPE-00189,22.707758,75.849575,22.713213,75.850238,22.710485,75.849907,60,Concrete,800,627.5,5,395,5,3,0.8083,80.8,HIGH
IND-PIPE-00190,22.727644,75.867237,22.733027,75.861787,22.730335,75.864512,67,Cast Iron,100,828.7,2,2654,0,0,0.8811,88.1,HIGH
IND-PIPE-00191,22.727644,75.867237,22.727737,75.865889,22.72769,75.866563,63,Steel,500,142.3,1,2358,0,0,0.6802,68.0,MEDIUM
IND-PIPE-00192,22.727644,75.867237,22.724262,75.863339,22.725953,75.865288,38,Cast Iron,200,580.4,0,702,0,0,0.4467,44.7,MEDIUM
IND-PIPE-00193,22.718887,75.865838,22.722855,75.856979,22.720871,75.861409,54,Cast Iron,400,1033.0,3,1230,1,1,0.7913,79.1,HIGH
IND-PIPE-00194,22.718887,75.865838,22.717871,75.869324,22.718379,75.867581,44,Ductile Iron,150,390.4,0,220,2,1,0.231,23.1,LOW
IND-PIPE-00195,22.718887,75.865838,22.726701,75.86934,22.722794,75.867589,29,Steel,200,987.6,0,500,0,0,0.2529,25.3,LOW
IND-PIPE-00196,22.729535,75.876478,22.732311,75.877279,22.730923,75.876879,42,PVC,100,322.8,0,3000,2,1,0.4951,49.5,MEDIUM
IND-PIPE-00197,22.729535,75.876478,22.731003,75.886404,22.730269,75.881441,35,Ductile Iron,400,1078.2,1,616,4,3,0.3159,31.6,LOW
IND-PIPE-00198,22.729535,75.876478,22.725571,75.879837,22.727553,75.878158,37,PVC,250,592.8,0,67,1,1,0.1992,19.9,LOW
IND-PIPE-00199,22.729535,75.876478,22.733889,75.877295,22.731712,75.876887,54,Concrete,250,514.9,3,2473,18,16,0.9635,96.4,HIGH
IND-PIPE-00200,22.729535,75.876478,22.73052,75.875661,22.730027,75.87607,36,PVC,100,143.3,0,1307,0,0,0.2502,25.0,LOW
IND-PIPE-00201,22.729535,75.876478,22.728985,75.870476,22.72926,75.873477,47,Ductile Iron,100,652.0,0,943,4,4,0.3939,39.4,LOW
IND-PIPE-00202,22.729535,75.876478,22.735409,75.882166,22.732472,75.879322,40,Concrete,150,912.0,4,605,1,1,0.6292,62.9,MEDIUM
IND-PIPE-00203,22.729535,75.876478,22.727783,75.875202,22.728659,75.87584,70,Cast Iron,200,238.4,2,622,2,2,0.7961,79.6,HIGH
IND-PIPE-00204,22.713213,75.850238,22.716356,75.845367,22.714785,75.847803,48,Cast Iron,250,645.5,3,2350,4,2,0.8507,85.1,HIGH
IND-PIPE-00205,22.723178,75.848894,22.720462,75.857829,22.72182,75.853361,62,Cast Iron,600,1014.2,1,19,0,0,0.6232,62.3,MEDIUM
IND-PIPE-00206,22.723178,75.848894,22.722532,75.84895,22.722855,75.848922,56,Cast Iron,300,73.4,1,86,3,2,0.6154,61.5,MEDIUM
IND-PIPE-00207,22.719245,75.856937,22.720508,75.85508,22.719877,75.856008,53,Cast Iron,100,247.5,9,715,9,9,0.9613,96.1,HIGH
IND-PIPE-00208,22.719245,75.856937,22.722532,75.84895,22.720888,75.852943,57,Ductile Iron,100,920.3,2,289,1,1,0.4368,43.7,MEDIUM
IND-PIPE-00209,22.719245,75.856937,22.722184,75.859222,22.720715,75.858079,59,Cast Iron,100,421.8,2,1862,4,2,0.8389,83.9,HIGH
IND-PIPE-00210,22.727737,75.865889,22.72919,75.866178,22.728463,75.866034,56,Cast Iron,600,169.4,5,1631,14,13,0.9623,96.2,HIGH
IND-PIPE-00211,22.727737,75.865889,22.724262,75.863339,22.726,75.864614,39,Steel,200,482.9,1,1714,0,0,0.4617,46.2,MEDIUM
IND-PIPE-00212,22.727737,75.865889,22.723866,75.872005,22.725801,75.868947,40,PVC,150,785.6,1,195,11,8,0.4902,49.0,MEDIUM
IND-PIPE-00213,22.727737,75.865889,22.723701,75.871839,22.725719,75.868864,26,Cast Iron,200,802.0,0,1899,3,2,0.554,55.4,MEDIUM
IND-PIPE-00214,22.727737,75.865889,22.726701,75.86934,22.727219,75.867615,56,Cast Iron,150,376.9,4,133,7,7,0.855,85.5,HIGH
IND-PIPE-00215,22.720462,75.857829,22.717425,75.863894,22.718944,75.860861,69,Cast Iron,200,744.9,2,1544,15,13,0.9602,96.0,HIGH
IND-PIPE-00216,22.720462,75.857829,22.711596,75.855488,22.716029,75.856658,57,Cast Iron,500,1055.0,4,288,12,10,0.9152,91.5,HIGH
IND-PIPE-00217,22.720462,75.857829,22.719651,75.858276,22.720056,75.858052,51,PVC,100,105.5,0,602,1,1,0.3093,30.9,LOW
IND-PIPE-00218,22.71664,75.87209,22.716798,75.87074,22.716719,75.871415,50,Cast Iron,250,143.7,2,1775,4,3,0.7912,79.1,HIGH
IND-PIPE-00219,22.71664,75.87209,22.716344,75.874995,22.716492,75.873543,52,Ductile Iron,100,303.4,1,320,4,1,0.3472,34.7,LOW
IND-PIPE-00220,22.71664,75.87209,22.714472,75.866677,22.715556,75.869383,54,Cast Iron,300,629.2,2,1415,2,2,0.7766,77.7,HIGH
IND-PIPE-00221,22.71664,75.87209,22.722837,75.873691,22.719738,75.87289,33,Ductile Iron,800,723.7,1,405,0,0,0.1903,19.0,LOW
IND-PIPE-00222,22.720508,75.85508,22.715718,75.859414,22.718113,75.857247,61,Steel,200,707.6,0,719,6,2,0.5848,58.5,MEDIUM
IND-PIPE-00223,22.717425,75.863894,22.715718,75.859414,22.716572,75.861654,43,Concrete,500,504.7,0,30,5,4,0.4451,44.5,MEDIUM
IND-PIPE-00224,22.717425,75.863894,22.719651,75.858276,22.718538,75.861085,56,Steel,600,651.0,1,1350,1,0,0.56,56.0,MEDIUM
IND-PIPE-00225,22.717425,75.863894,22.716798,75.87074,22.717112,75.867317,37,Ductile Iron,150,715.4,1,668,1,1,0.27,27.0,LOW
IND-PIPE-00226,22.723135,75.849214,22.714355,75.849317,22.718745,75.849265,34,Cast Iron,100,1023.5,1,3000,1,1,0.7398,74.0,HIGH
IND-PIPE-00227,22.723135,75.849214,22.720561,75.85328,22.721848,75.851247,70,Concrete,150,534.7,4,389,1,1,0.7879,78.8,HIGH
IND-PIPE-00228,22.723135,75.849214,22.722532,75.84895,22.722834,75.849082,57,Concrete,100,73.8,3,2188,7,5,0.8684,86.8,HIGH
IND-PIPE-00229,22.734231,75.847098,22.734289,75.845017,22.73426,75.846057,35,Ductile Iron,200,217.3,0,1248,0,0,0.2209,22.1,LOW
IND-PIPE-00230,22.714469,75.862476,22.716798,75.87074,22.715634,75.866608,62,Cast Iron,300,933.0,4,46,0,0,0.7668,76.7,HIGH
IND-PIPE-00231,22.714633,75.864769,22.715718,75.859414,22.715175,75.862092,42,Cast Iron,500,577.9,1,674,0,0,0.5171,51.7,MEDIUM
IND-PIPE-00232,22.714633,75.864769,22.716798,75.87074,22.715715,75.867754,44,Steel,200,681.2,3,1845,2,1,0.6644,66.4,MEDIUM
IND-PIPE-00233,22.728662,75.862385,22.722855,75.856979,22.725759,75.859682,33,Cast Iron,800,869.5,0,220,6,5,0.5051,50.5,MEDIUM
IND-PIPE-00234,22.728662,75.862385,22.719651,75.858276,22.724157,75.860331,60,Cast Iron,100,1129.1,5,3000,6,6,0.9658,96.6,HIGH
IND-PIPE-00235,22.728662,75.862385,22.726578,75.869866,22.72762,75.866126,37,PVC,100,842.9,2,1257,0,0,0.3741,37.4,LOW
IND-PIPE-00236,22.722855,75.856979,22.720561,75.85328,22.721708,75.855129,56,Cast Iron,150,468.6,4,221,0,0,0.7315,73.2,HIGH
IND-PIPE-00237,22.722855,75.856979,22.715718,75.859414,22.719286,75.858197,48,Ductile Iron,150,869.6,0,286,2,2,0.2952,29.5,LOW
IND-PIPE-00238,22.714355,75.849317,22.716356,75.845367,22.715356,75.847342,52,Cast Iron,300,483.9,2,69,5,5,0.7218,72.2,HIGH
IND-PIPE-00239,22.724681,75.842703,22.72221,75.841416,22.723446,75.84206,54,Concrete,100,317.8,4,834,5,5,0.8063,80.6,HIGH
IND-PIPE-00240,22.72919,75.866178,22.737338,75.871001,22.733264,75.86859,63,Cast Iron,150,1074.4,4,74,1,1,0.8028,80.3,HIGH
IND-PIPE-00241,22.71265,75.85982,22.705111,75.861515,22.70888,75.860667,69,Concrete,200,869.0,2,681,12,10,0.8971,89.7,HIGH
IND-PIPE-00242,22.722532,75.84895,22.722184,75.859222,22.722358,75.854086,65,Cast Iron,300,1105.8,2,3000,3,3,0.9214,92.1,HIGH
IND-PIPE-00243,22.722532,75.84895,22.717278,75.846385,22.719905,75.847667,60,Steel,100,664.5,1,2659,4,4,0.8061,80.6,HIGH
IND-PIPE-00244,22.759025,75.885674,22.767251,75.88134,22.763138,75.883507,26,PVC,200,1062.4,0,516,5,2,0.227,22.7,LOW
IND-PIPE-00245,22.759025,75.885674,22.757435,75.884906,22.75823,75.88529,10,PVC,100,198.2,0,589,0,0,0.0994,9.9,LOW
IND-PIPE-00246,22.759025,75.885674,22.762132,75.893346,22.760578,75.88951,15,Ductile Iron,200,878.1,0,232,0,0,0.1017,10.2,LOW
IND-PIPE-00247,22.759025,75.885674,22.76459,75.888658,22.761807,75.887166,11,Ductile Iron,300,725.2,0,159,3,0,0.0934,9.3,LOW
IND-PIPE-00248,22.759025,75.885674,22.763715,75.885694,22.76137,75.885684,8,Ductile Iron,100,534.1,0,93,0,0,0.0751,7.5,LOW
IND-PIPE-00249,22.761309,75.888698,22.76078,75.888345,22.761044,75.888521,17,PVC,100,71.3,0,262,1,0,0.1084,10.8,LOW
IND-PIPE-00250,22.761309,75.888698,22.757435,75.884906,22.759372,75.886802,19,Ductile Iron,150,608.2,0,763,0,0,0.1324,13.2,LOW
IND-PIPE-00251,22.761309,75.888698,22.756471,75.886304,22.75889,75.887501,15,Ductile Iron,250,609.9,0,542,2,1,0.1237,12.4,LOW
IND-PIPE-00252,22.761309,75.888698,22.760199,75.886367,22.760754,75.887533,13,Ductile Iron,200,281.4,0,55,1,0,0.0833,8.3,LOW
IND-PIPE-00253,22.761309,75.888698,22.762449,75.888257,22.761879,75.888477,12,Cast Iron,100,136.4,1,782,2,0,0.3122,31.2,LOW
IND-PIPE-00254,22.761309,75.888698,22.764145,75.893711,22.762727,75.891205,11,PVC,150,619.0,0,414,0,0,0.1027,10.3,LOW
IND-PIPE-00255,22.767184,75.903407,22.766855,75.901867,22.76702,75.902637,12,Ductile Iron,100,165.3,0,44,0,0,0.0773,7.7,LOW
IND-PIPE-00256,22.767184,75.903407,22.760794,75.901155,22.763989,75.902281,12,PVC,100,785.9,0,285,1,1,0.1161,11.6,LOW
IND-PIPE-00257,22.767184,75.903407,22.767775,75.907361,22.76748,75.905384,19,PVC,150,421.0,0,59,4,1,0.133,13.3,LOW
IND-PIPE-00258,22.767184,75.903407,22.762645,75.902069,22.764915,75.902738,1,PVC,100,542.4,0,160,1,0,0.0718,7.2,LOW
IND-PIPE-00259,22.766855,75.901867,22.763538,75.895236,22.765197,75.898551,15,PVC,300,798.0,0,117,0,0,0.1043,10.4,LOW
IND-PIPE-00260,22.739501,75.894765,22.740815,75.898498,22.740158,75.896631,15,Steel,200,426.0,0,240,2,1,0.169,16.9,LOW
IND-PIPE-00261,22.739501,75.894765,22.740962,75.890486,22.740232,75.892626,12,PVC,150,473.1,0,321,0,0,0.0994,9.9,LOW
IND-PIPE-00262,22.739501,75.894765,22.734266,75.891129,22.736884,75.892947,25,PVC,200,707.6,2,436,11,6,0.4045,40.5,MEDIUM
IND-PIPE-00263,22.744449,75.89632,22.751237,75.897611,22.747843,75.896965,17,PVC,100,786.7,1,154,2,1,0.1579,15.8,LOW
IND-PIPE-00264,22.744449,75.89632,22.740815,75.898498,22.742632,75.897409,12,PVC,500,481.7,0,329,0,0,0.095,9.5,LOW
IND-PIPE-00265,22.744449,75.89632,22.750049,75.896099,22.747249,75.896209,8,PVC,150,654.4,0,459,0,0,0.0965,9.6,LOW
IND-PIPE-00266,22.760794,75.909374,22.758161,75.905692,22.759478,75.907533,14,Ductile Iron,400,505.9,0,95,1,0,0.0881,8.8,LOW
IND-PIPE-00267,22.760794,75.909374,22.758457,75.910231,22.759626,75.909802,16,Cast Iron,600,285.0,0,568,1,0,0.259,25.9,LOW
IND-PIPE-00268,22.76078,75.888345,22.76474,75.889297,22.76276,75.888821,12,Ductile Iron,200,466.9,0,220,0,0,0.0862,8.6,LOW
IND-PIPE-00269,22.76078,75.888345,22.759993,75.898631,22.760387,75.893488,21,Ductile Iron,200,1112.1,0,101,0,0,0.1197,12.0,LOW
IND-PIPE-00270,22.76078,75.888345,22.763715,75.885694,22.762247,75.887019,16,PVC,400,445.0,0,568,0,0,0.1171,11.7,LOW
IND-PIPE-00271,22.76078,75.888345,22.764145,75.893711,22.762462,75.891028,12,Concrete,100,695.6,0,67,0,0,0.169,16.9,LOW
IND-PIPE-00272,22.760794,75.901155,22.767775,75.907361,22.764285,75.904258,14,Ductile Iron,300,1050.4,1,19,0,0,0.1127,11.3,LOW
IND-PIPE-00273,22.761423,75.892551,22.763538,75.895236,22.76248,75.893894,18,Ductile Iron,100,369.1,0,718,0,0,0.1224,12.2,LOW
IND-PIPE-00274,22.761423,75.892551,22.76474,75.889297,22.763081,75.890924,19,PVC,100,511.9,0,885,0,0,0.15,15.0,LOW
IND-PIPE-00275,22.761423,75.892551,22.766615,75.893201,22.764019,75.892876,12,Cast Iron,250,615.5,0,958,1,0,0.29,29.0,LOW
IND-PIPE-00276,22.761423,75.892551,22.759993,75.898631,22.760708,75.895591,17,PVC,100,681.2,0,88,2,0,0.1171,11.7,LOW
IND-PIPE-00277,22.761423,75.892551,22.764145,75.893711,22.762784,75.893131,26,Ductile Iron,200,339.4,2,310,0,0,0.1859,18.6,LOW
IND-PIPE-00278,22.767775,75.907361,22.765733,75.904286,22.766754,75.905824,11,Ductile Iron,150,402.6,0,97,0,0,0.0795,8.0,LOW
IND-PIPE-00279,22.767775,75.907361,22.762328,75.904152,22.765052,75.905757,24,Cast Iron,500,729.7,0,595,7,2,0.4253,42.5,MEDIUM
IND-PIPE-00280,22.767775,75.907361,22.765326,75.911598,22.766551,75.909479,15,Ductile Iron,150,530.2,0,56,2,0,0.0961,9.6,LOW
IND-PIPE-00281,22.767775,75.907361,22.759016,75.908269,22.763396,75.907815,10,PVC,300,1004.3,0,147,1,0,0.0981,9.8,LOW
IND-PIPE-00282,22.765733,75.904286,22.762083,75.908925,22.763908,75.906606,26,PVC,150,647.9,1,319,0,0,0.1807,18.1,LOW
IND-PIPE-00283,22.762328,75.904152,22.759993,75.898631,22.761161,75.901391,15,Ductile Iron,100,632.3,0,285,0,0,0.1006,10.1,LOW
IND-PIPE-00284,22.762328,75.904152,22.758457,75.910231,22.760393,75.907192,9,PVC,250,800.6,0,377,0,0,0.0975,9.8,LOW
IND-PIPE-00285,22.763538,75.895236,22.755921,75.893536,22.75973,75.894386,13,Ductile Iron,100,873.5,0,235,0,0,0.0975,9.7,LOW
IND-PIPE-00286,22.763538,75.895236,22.766615,75.893201,22.765077,75.894218,25,PVC,200,412.7,0,74,2,1,0.1467,14.7,LOW
IND-PIPE-00287,22.763538,75.895236,22.771214,75.895276,22.767376,75.895256,14,PVC,400,866.0,1,958,0,0,0.1648,16.5,LOW
IND-PIPE-00288,22.746306,75.902672,22.74954,75.898647,22.747923,75.900659,1,PVC,100,568.5,0,523,2,0,0.0856,8.6,LOW
IND-PIPE-00289,22.746306,75.902672,22.742875,75.903906,22.744591,75.903289,11,Ductile Iron,100,423.1,0,328,0,0,0.0878,8.8,LOW
IND-PIPE-00290,22.746306,75.902672,22.746953,75.902021,22.746629,75.902347,13,PVC,150,103.9,0,95,2,1,0.101,10.1,LOW
IND-PIPE-00291,22.752336,75.891509,22.755921,75.893536,22.754128,75.892523,20,Ductile Iron,150,475.0,0,198,1,0,0.1119,11.2,LOW
IND-PIPE-00292,22.752336,75.891509,22.751237,75.897611,22.751786,75.89456,12,PVC,100,650.6,0,331,0,0,0.1038,10.4,LOW
IND-PIPE-00293,22.752336,75.891509,22.750049,75.896099,22.751193,75.893804,11,PVC,250,540.8,0,233,0,0,0.0933,9.3,LOW
IND-PIPE-00294,22.752336,75.891509,22.75116,75.886659,22.751748,75.889084,6,Cast Iron,500,539.3,0,103,1,0,0.1836,18.4,LOW
IND-PIPE-00295,22.755921,75.893536,22.755513,75.895853,22.755717,75.894694,9,PVC,200,244.3,0,541,5,2,0.1281,12.8,LOW
IND-PIPE-00296,22.755921,75.893536,22.753709,75.897741,22.754815,75.895639,8,PVC,200,506.0,0,343,1,1,0.0994,9.9,LOW
IND-PIPE-00297,22.755921,75.893536,22.756471,75.886304,22.756196,75.88992,8,Steel,100,753.4,0,596,0,0,0.1494,14.9,LOW
IND-PIPE-00298,22.755921,75.893536,22.75116,75.886659,22.753541,75.890097,20,PVC,150,904.3,0,172,0,0,0.1273,12.7,LOW
IND-PIPE-00299,22.78104,75.896091,22.778874,75.904649,22.779957,75.90037,18,Ductile Iron,100,941.7,0,1784,0,0,0.1954,19.5,LOW
IND-PIPE-00300,22.733993,75.901696,22.742875,75.903906,22.738434,75.902801,5,Ductile Iron,100,1042.8,0,194,0,0,0.0786,7.9,LOW
IND-PIPE-00301,22.733993,75.901696,22.738847,75.900602,22.73642,75.901149,19,Steel,250,573.8,0,53,1,0,0.1626,16.3,LOW
IND-PIPE-00302,22.76272,75.885795,22.767251,75.88134,22.764986,75.883568,7,PVC,150,707.4,0,17,1,0,0.0829,8.3,LOW
IND-PIPE-00303,22.76272,75.885795,22.763715,75.885694,22.763218,75.885744,7,PVC,150,112.2,0,643,1,0,0.094,9.4,LOW
IND-PIPE-00304,22.749691,75.883682,22.747669,75.887382,22.74868,75.885532,14,PVC,500,446.2,0,813,4,2,0.1558,15.6,LOW
IND-PIPE-00305,22.742875,75.903906,22.747555,75.899645,22.745215,75.901776,15,PVC,500,695.2,0,580,0,0,0.1179,11.8,LOW
IND-PIPE-00306,22.742875,75.903906,22.748248,75.897063,22.745561,75.900484,16,PVC,200,972.9,0,460,1,0,0.1312,13.1,LOW
IND-PIPE-00307,22.742875,75.903906,22.749454,75.900534,22.746165,75.90222,11,Ductile Iron,250,850.9,0,556,0,0,0.1012,10.1,LOW
IND-PIPE-00308,22.746953,75.902021,22.744572,75.900843,22.745762,75.901432,12,PVC,100,302.6,0,600,1,0,0.1111,11.1,LOW
IND-PIPE-00309,22.762645,75.902069,22.753709,75.897741,22.758177,75.899905,13,PVC,150,1122.9,0,141,1,0,0.1112,11.1,LOW
IND-PIPE-00310,22.762645,75.902069,22.760681,75.897756,22.761663,75.899912,9,Cast Iron,300,501.2,0,205,3,2,0.2506,25.1,LOW
IND-PIPE-00311,22.762645,75.902069,22.758161,75.905692,22.760403,75.903881,11,PVC,100,645.4,0,150,1,0,0.0973,9.7,LOW
IND-PIPE-00312,22.746783,75.894862,22.755513,75.895853,22.751148,75.895358,12,Ductile Iron,100,1024.8,0,340,0,0,0.1013,10.1,LOW
IND-PIPE-00313,22.746783,75.894862,22.740962,75.890486,22.743873,75.892674,22,PVC,300,799.5,0,427,1,0,0.1461,14.6,LOW
IND-PIPE-00314,22.746783,75.894862,22.748248,75.897063,22.747515,75.895962,5,PVC,200,289.4,0,47,0,0,0.0702,7.0,LOW
IND-PIPE-00315,22.746783,75.894862,22.753292,75.898845,22.750038,75.896853,13,Steel,250,861.7,0,69,1,0,0.1463,14.6,LOW
IND-PIPE-00316,22.746783,75.894862,22.749454,75.900534,22.748119,75.897698,5,PVC,500,677.7,0,192,0,0,0.0764,7.6,LOW
IND-PIPE-00317,22.757435,75.884906,22.749552,75.883722,22.753494,75.884314,14,Cast Iron,400,903.9,0,202,0,0,0.2414,24.1,LOW
IND-PIPE-00318,22.757435,75.884906,22.756471,75.886304,22.756953,75.885605,16,Ductile Iron,250,185.1,0,206,4,2,0.1195,12.0,LOW
IND-PIPE-00319,22.757435,75.884906,22.750665,75.885907,22.75405,75.885406,22,Ductile Iron,250,791.8,0,220,0,0,0.1206,12.1,LOW
IND-PIPE-00320,22.757435,75.884906,22.752659,75.884893,22.755047,75.884899,25,PVC,150,552.1,0,445,2,1,0.172,17.2,LOW
IND-PIPE-00321,22.755513,75.895853,22.747555,75.899645,22.751534,75.897749,5,PVC,100,1019.5,0,1075,4,2,0.1561,15.6,LOW
IND-PIPE-00322,22.755513,75.895853,22.760681,75.897756,22.758097,75.896804,14,PVC,300,618.4,0,27,1,0,0.098,9.8,LOW
IND-PIPE-00323,22.755513,75.895853,22.748248,75.897063,22.75188,75.896458,14,PVC,100,864.1,0,1134,3,0,0.1665,16.7,LOW
IND-PIPE-00324,22.747669,75.887382,22.749552,75.883722,22.748611,75.885552,10,PVC,200,438.6,0,75,3,0,0.0932,9.3,LOW
IND-PIPE-00325,22.747669,75.887382,22.747205,75.889722,22.747437,75.888552,9,Ductile Iron,300,252.1,0,95,2,0,0.0763,7.6,LOW
IND-PIPE-00326,22.747669,75.887382,22.740109,75.885592,22.743889,75.886487,30,PVC,150,911.8,0,128,3,3,0.219,21.9,LOW
IND-PIPE-00327,22.762132,75.893346,22.76459,75.888658,22.763361,75.891002,9,Ductile Iron,300,571.8,0,505,3,1,0.105,10.5,LOW
IND-PIPE-00328,22.762132,75.893346,22.759556,75.892599,22.760844,75.892972,6,PVC,150,311.1,0,406,0,0,0.0838,8.4,LOW
IND-PIPE-00329,22.732217,75.885713,22.735473,75.890421,22.733845,75.888067,39,Steel,300,628.5,0,2027,3,2,0.5116,51.2,MEDIUM
IND-PIPE-00330,22.732217,75.885713,22.740109,75.885592,22.736163,75.885653,41,Cast Iron,150,891.8,1,116,1,1,0.5108,51.1,MEDIUM
IND-PIPE-00331,22.757098,75.891384,22.756277,75.885553,22.756687,75.888469,1,PVC,250,618.2,0,294,1,1,0.0808,8.1,LOW
IND-PIPE-00332,22.747555,75.899645,22.740815,75.898498,22.744185,75.899072,9,PVC,100,771.1,0,227,0,0,0.0937,9.4,LOW
IND-PIPE-00333,22.747555,75.899645,22.744572,75.900843,22.746063,75.900244,18,PVC,400,374.6,0,111,0,0,0.1034,10.3,LOW
IND-PIPE-00334,22.747555,75.899645,22.753292,75.898845,22.750424,75.899245,10,Ductile Iron,200,673.0,0,309,1,0,0.0903,9.0,LOW
IND-PIPE-00335,22.747555,75.899645,22.749454,75.900534,22.748504,75.90009,14,PVC,250,236.2,0,754,0,0,0.1165,11.7,LOW
IND-PIPE-00336,22.76459,75.888658,22.76474,75.889297,22.764665,75.888977,11,Ductile Iron,200,70.6,0,39,0,0,0.0726,7.3,LOW
IND-PIPE-00337,22.76459,75.888658,22.762449,75.888257,22.763519,75.888457,14,PVC,500,253.8,0,79,0,0,0.0879,8.8,LOW
IND-PIPE-00338,22.76459,75.888658,22.764145,75.893711,22.764367,75.891185,19,Ductile Iron,500,548.8,0,15,0,0,0.0949,9.5,LOW
IND-PIPE-00339,22.746084,75.88575,22.749552,75.883722,22.747818,75.884736,3,Ductile Iron,100,446.6,0,61,3,0,0.0697,7.0,LOW
IND-PIPE-00340,22.746084,75.88575,22.747205,75.889722,22.746644,75.887736,15,PVC,200,432.2,0,1822,4,1,0.2175,21.8,LOW
IND-PIPE-00341,22.746084,75.88575,22.744891,75.879214,22.745488,75.882482,17,Ductile Iron,100,712.2,0,997,3,0,0.1533,15.3,LOW
IND-PIPE-00342,22.746084,75.88575,22.75116,75.886659,22.748622,75.886204,24,PVC,100,595.0,0,90,0,0,0.1316,13.2,LOW
IND-PIPE-00343,22.746084,75.88575,22.741536,75.883664,22.74381,75.884707,12,Ductile Iron,200,559.8,0,153,1,1,0.0952,9.5,LOW
IND-PIPE-00344,22.753709,75.897741,22.757239,75.904814,22.755474,75.901278,15,Ductile Iron,200,870.6,0,728,2,2,0.1494,14.9,LOW
IND-PIPE-00345,22.76474,75.889297,22.763715,75.885694,22.764227,75.887495,10,PVC,150,393.4,0,128,1,1,0.0958,9.6,LOW
IND-PIPE-00346,22.76474,75.889297,22.760199,75.886367,22.762469,75.887832,12,PVC,100,601.9,0,296,1,1,0.1128,11.3,LOW
IND-PIPE-00347,22.741497,75.889701,22.738911,75.895142,22.740204,75.892421,13,Ductile Iron,150,646.0,0,519,2,1,0.1184,11.8,LOW
IND-PIPE-00348,22.751237,75.897611,22.747039,75.891753,22.749138,75.894682,14,PVC,300,801.9,0,59,2,0,0.1059,10.6,LOW
IND-PIPE-00349,22.751237,75.897611,22.750049,75.896099,22.750643,75.896855,13,Ductile Iron,600,211.4,0,182,0,0,0.0788,7.9,LOW
IND-PIPE-00350,22.751237,75.897611,22.747205,75.889722,22.749221,75.893666,20,Steel,250,952.2,0,1102,2,1,0.2728,27.3,LOW
IND-PIPE-00351,22.749657,75.878709,22.74837,75.880147,22.749013,75.879428,16,PVC,300,210.6,0,277,0,0,0.1023,10.2,LOW
IND-PIPE-00352,22.749657,75.878709,22.748436,75.878657,22.749047,75.878683,26,PVC,250,137.6,0,264,3,1,0.1574,15.7,LOW
IND-PIPE-00353,22.749657,75.878709,22.744891,75.879214,22.747274,75.878962,19,Ductile Iron,150,549.3,0,348,0,0,0.1128,11.3,LOW
IND-PIPE-00354,22.74765,75.879166,22.749552,75.883722,22.748601,75.881444,19,Ductile Iron,150,531.0,0,306,3,2,0.1405,14.0,LOW
IND-PIPE-00355,22.74765,75.879166,22.74837,75.880147,22.74801,75.879657,20,PVC,250,130.0,0,192,2,1,0.1262,12.6,LOW
IND-PIPE-00356,22.74765,75.879166,22.744891,75.879214,22.746271,75.87919,34,Steel,150,322.4,0,179,1,1,0.2562,25.6,LOW
IND-PIPE-00357,22.74765,75.879166,22.75116,75.886659,22.749405,75.882912,32,Cast Iron,250,890.2,0,403,9,7,0.6051,60.5,MEDIUM
IND-PIPE-00358,22.740815,75.898498,22.743476,75.899519,22.742145,75.899008,20,Ductile Iron,150,332.0,0,51,1,0,0.1033,10.3,LOW
IND-PIPE-00359,22.740815,75.898498,22.740962,75.890486,22.740889,75.894492,4,PVC,100,851.4,0,32,2,0,0.0817,8.2,LOW
IND-PIPE-00360,22.740815,75.898498,22.749454,75.900534,22.745134,75.899516,18,Ductile Iron,400,1017.9,0,426,0,0,0.1185,11.9,LOW
IND-PIPE-00361,22.740815,75.898498,22.737824,75.888303,22.739319,75.8934,52,Steel,500,1134.5,1,51,7,5,0.5792,57.9,MEDIUM
IND-PIPE-00362,22.765326,75.911598,22.762083,75.908925,22.763705,75.910262,12,PVC,100,461.3,0,480,3,0,0.1166,11.7,LOW
IND-PIPE-00363,22.737907,75.894786,22.733039,75.896692,22.735473,75.895739,15,PVC,300,606.0,0,20,0,0,0.0971,9.7,LOW
IND-PIPE-00364,22.769253,75.894792,22.771214,75.895276,22.770234,75.895034,19,Ductile Iron,100,233.8,0,318,0,0,0.1061,10.6,LOW
IND-PIPE-00365,22.747039,75.891753,22.747205,75.889722,22.747122,75.890737,12,PVC,300,215.3,0,15,2,0,0.0884,8.8,LOW
IND-PIPE-00366,22.759993,75.898631,22.755115,75.905792,22.757554,75.902211,12,PVC,600,928.3,1,184,0,0,0.1167,11.7,LOW
IND-PIPE-00367,22.763715,75.885694,22.764145,75.893711,22.76393,75.889703,6,PVC,100,870.6,0,130,0,0,0.0844,8.4,LOW
IND-PIPE-00368,22.744572,75.900843,22.752159,75.902764,22.748365,75.901803,18,Ductile Iron,100,889.2,1,982,8,1,0.2368,23.7,LOW
IND-PIPE-00369,22.744572,75.900843,22.738911,75.895142,22.741741,75.897992,9,Ductile Iron,400,907.9,0,137,0,0,0.0807,8.1,LOW
IND-PIPE-00370,22.744572,75.900843,22.749454,75.900534,22.747013,75.900688,34,Ductile Iron,100,551.6,0,12,0,0,0.1521,15.2,LOW
IND-PIPE-00371,22.75433,75.912243,22.757239,75.904814,22.755785,75.908528,15,Ductile Iron,200,857.9,0,283,0,0,0.1033,10.3,LOW
IND-PIPE-00372,22.75433,75.912243,22.758457,75.910231,22.756394,75.911237,14,Ductile Iron,100,526.6,0,368,1,1,0.11,11.0,LOW
IND-PIPE-00373,22.718536,75.893776,22.720295,75.893444,22.719415,75.89361,22,PVC,250,209.5,0,166,1,0,0.1208,12.1,LOW
IND-PIPE-00374,22.743476,75.899519,22.748248,75.897063,22.745862,75.898291,18,Ductile Iron,100,619.5,1,139,0,0,0.1253,12.5,LOW
IND-PIPE-00375,22.752159,75.902764,22.758161,75.905692,22.75516,75.904228,10,PVC,600,767.4,0,709,0,0,0.1074,10.7,LOW
IND-PIPE-00376,22.740962,75.890486,22.738911,75.895142,22.739937,75.892814,12,PVC,500,560.7,0,72,1,0,0.0905,9.1,LOW
IND-PIPE-00377,22.740962,75.890486,22.742339,75.881661,22.741651,75.886074,10,Ductile Iron,300,930.4,0,377,0,0,0.0927,9.3,LOW
IND-PIPE-00378,22.740962,75.890486,22.734266,75.891129,22.737614,75.890808,16,PVC,200,767.9,0,650,4,1,0.1593,15.9,LOW
IND-PIPE-00379,22.750049,75.896099,22.748248,75.897063,22.749149,75.896581,1,Steel,200,230.1,0,629,0,0,0.1122,11.2,LOW
IND-PIPE-00380,22.750049,75.896099,22.750665,75.885907,22.750357,75.891003,13,PVC,600,1078.8,0,446,3,1,0.1326,13.3,LOW
IND-PIPE-00381,22.756471,75.886304,22.75116,75.886659,22.753816,75.886481,10,PVC,200,615.2,0,319,0,0,0.0956,9.6,LOW
IND-PIPE-00382,22.738847,75.900602,22.734532,75.897793,22.736689,75.899198,14,PVC,250,589.0,0,19,3,0,0.1044,10.4,LOW
IND-PIPE-00383,22.755115,75.905792,22.757239,75.904814,22.756177,75.905303,22,Ductile Iron,150,271.3,1,45,1,1,0.14,14.0,LOW
IND-PIPE-00384,22.748248,75.897063,22.747205,75.889722,22.747726,75.893392,5,PVC,200,782.8,0,1575,3,3,0.1826,18.3,LOW
IND-PIPE-00385,22.750665,75.885907,22.74837,75.880147,22.749517,75.883027,22,PVC,150,654.8,1,299,8,6,0.2965,29.6,LOW
IND-PIPE-00386,22.750665,75.885907,22.75116,75.886659,22.750913,75.886283,15,Ductile Iron,200,97.4,0,97,1,1,0.0933,9.3,LOW
IND-PIPE-00387,22.756277,75.885553,22.74837,75.880147,22.752323,75.88285,16,PVC,150,1081.1,0,228,2,1,0.1372,13.7,LOW
IND-PIPE-00388,22.756277,75.885553,22.747205,75.889722,22.751741,75.887637,19,PVC,200,1151.6,0,194,0,0,0.1295,12.9,LOW
IND-PIPE-00389,22.762449,75.888257,22.764145,75.893711,22.763297,75.890984,20,PVC,200,621.0,0,47,4,0,0.1304,13.0,LOW
IND-PIPE-00390,22.741075,75.889085,22.741464,75.880336,22.741269,75.884711,44,Cast Iron,400,915.6,0,757,5,2,0.5936,59.4,MEDIUM
IND-PIPE-00391,22.733039,75.896692,22.734532,75.897793,22.733785,75.897243,12,PVC,100,209.4,0,310,2,0,0.1014,10.1,LOW
IND-PIPE-00392,22.733039,75.896692,22.737824,75.888303,22.735431,75.892497,3,PVC,100,1042.3,0,63,1,0,0.0805,8.0,LOW
IND-PIPE-00393,22.747995,75.88851,22.747205,75.889722,22.7476,75.889116,16,PVC,500,155.6,1,53,1,0,0.1135,11.3,LOW
IND-PIPE-00394,22.747995,75.88851,22.75116,75.886659,22.749577,75.887584,45,Ductile Iron,300,421.7,0,341,1,0,0.2216,22.2,LOW
IND-PIPE-00395,22.752659,75.884893,22.747205,75.889722,22.749932,75.887307,29,PVC,300,800.3,0,386,2,1,0.1911,19.1,LOW
IND-PIPE-00396,22.764558,75.915604,22.762083,75.908925,22.763321,75.912265,16,PVC,100,779.5,0,192,2,0,0.1204,12.0,LOW
IND-PIPE-00397,22.759016,75.908269,22.762083,75.908925,22.76055,75.908597,15,PVC,300,359.4,0,27,1,1,0.1035,10.4,LOW
IND-PIPE-00398,22.747205,75.889722,22.740109,75.885592,22.743657,75.887657,11,PVC,150,934.6,1,846,0,0,0.1531,15.3,LOW
IND-PIPE-00399,22.652063,75.81491,22.658084,75.80851,22.655073,75.81171,23,Ductile Iron,150,960.9,0,296,0,0,0.133,13.3,LOW
IND-PIPE-00400,22.652063,75.81491,22.658354,75.812716,22.655208,75.813813,15,PVC,100,754.5,0,497,0,0,0.1222,12.2,LOW
IND-PIPE-00401,22.670059,75.81587,22.669295,75.824402,22.669677,75.820136,19,PVC,300,923.9,0,127,7,4,0.1956,19.6,LOW
IND-PIPE-00402,22.670059,75.81587,22.670397,75.813249,22.670228,75.81456,23,Steel,200,284.2,0,924,0,0,0.2244,22.4,LOW
IND-PIPE-00403,22.670059,75.81587,22.672407,75.817862,22.671233,75.816866,25,PVC,100,346.3,0,269,2,0,0.1468,14.7,LOW
IND-PIPE-00404,22.670059,75.81587,22.668736,75.818798,22.669398,75.817334,27,Cast Iron,150,353.4,1,1465,0,0,0.4824,48.2,MEDIUM
IND-PIPE-00405,22.670059,75.81587,22.676909,75.809514,22.673484,75.812692,14,PVC,200,1017.4,0,40,2,1,0.1192,11.9,LOW
IND-PIPE-00406,22.670059,75.81587,22.667198,75.810409,22.668629,75.81314,26,Ductile Iron,250,651.8,0,759,0,0,0.1589,15.9,LOW
IND-PIPE-00407,22.670529,75.805311,22.671353,75.805149,22.670941,75.80523,25,Ductile Iron,150,97.6,0,68,1,1,0.1233,12.3,LOW
IND-PIPE-00408,22.670529,75.805311,22.671301,75.80528,22.670915,75.805295,21,Ductile Iron,200,88.3,0,212,1,0,0.1071,10.7,LOW
IND-PIPE-00409,22.670529,75.805311,22.673502,75.803659,22.672015,75.804485,15,Ductile Iron,150,383.6,0,1099,2,1,0.1469,14.7,LOW
IND-PIPE-00410,22.664937,75.832135,22.669295,75.824402,22.667116,75.828268,35,PVC,150,979.9,0,3000,0,0,0.4329,43.3,MEDIUM
IND-PIPE-00411,22.664937,75.832135,22.662128,75.828138,22.663532,75.830136,13,Ductile Iron,300,521.8,0,2327,4,3,0.2544,25.4,LOW
IND-PIPE-00412,22.657989,75.803331,22.66158,75.80952,22.659784,75.806425,20,Ductile Iron,250,792.8,0,574,0,0,0.1296,13.0,LOW
IND-PIPE-00413,22.657989,75.803331,22.656524,75.808205,22.657257,75.805768,20,PVC,200,546.1,0,35,1,1,0.1252,12.5,LOW
IND-PIPE-00414,22.668398,75.812859,22.667199,75.812312,22.667799,75.812585,17,Ductile Iron,150,152.2,0,742,3,1,0.1355,13.5,LOW
IND-PIPE-00415,22.668398,75.812859,22.677534,75.815533,22.672966,75.814196,34,PVC,200,1096.7,0,382,1,0,0.2094,20.9,LOW
IND-PIPE-00416,22.668398,75.812859,22.668561,75.815207,22.66848,75.814033,8,Cast Iron,400,251.1,0,1105,1,1,0.2736,27.4,LOW
IND-PIPE-00417,22.671353,75.805149,22.678522,75.810134,22.674938,75.807642,22,PVC,250,967.7,0,76,1,1,0.1435,14.4,LOW
IND-PIPE-00418,22.671353,75.805149,22.667198,75.810409,22.669276,75.807779,19,PVC,100,718.5,0,317,0,0,0.1271,12.7,LOW
IND-PIPE-00419,22.671353,75.805149,22.672289,75.812535,22.671821,75.808842,26,PVC,150,776.4,0,256,0,0,0.151,15.1,LOW
IND-PIPE-00420,22.675787,75.799444,22.668997,75.801376,22.672392,75.80041,24,PVC,100,810.2,1,36,1,0,0.1659,16.6,LOW
IND-PIPE-00421,22.652741,75.799266,22.656688,75.796219,22.654715,75.797743,28,Steel,100,564.3,0,18,2,1,0.2263,22.6,LOW
IND-PIPE-00422,22.673739,75.80768,22.67076,75.805652,22.672249,75.806666,14,Concrete,500,404.3,0,58,0,0,0.1605,16.0,LOW
IND-PIPE-00423,22.673739,75.80768,22.68093,75.80479,22.677334,75.806235,38,Concrete,250,896.4,1,610,1,1,0.451,45.1,MEDIUM
IND-PIPE-00424,22.673739,75.80768,22.677718,75.804003,22.675728,75.805841,12,PVC,200,607.1,0,340,1,0,0.1052,10.5,LOW
IND-PIPE-00425,22.673739,75.80768,22.666969,75.807545,22.670354,75.807613,17,Concrete,250,782.3,0,371,1,1,0.232,23.2,LOW
IND-PIPE-00426,22.673739,75.80768,22.670397,75.813249,22.672068,75.810464,18,Ductile Iron,100,705.9,1,167,7,3,0.1954,19.5,LOW
IND-PIPE-00427,22.673739,75.80768,22.672407,75.817862,22.673073,75.812771,34,Ductile Iron,100,1075.8,1,975,1,0,0.276,27.6,LOW
IND-PIPE-00428,22.673739,75.80768,22.667514,75.810366,22.670626,75.809023,32,Steel,800,756.1,0,24,0,0,0.2099,21.0,LOW
IND-PIPE-00429,22.673739,75.80768,22.676909,75.809514,22.675324,75.808597,30,Cast Iron,100,421.5,0,431,0,0,0.3554,35.5,LOW
IND-PIPE-00430,22.673739,75.80768,22.672289,75.812535,22.673014,75.810108,28,PVC,300,543.0,0,364,2,2,0.1895,18.9,LOW
IND-PIPE-00431,22.66158,75.80952,22.67076,75.805652,22.66617,75.807586,35,Ductile Iron,200,1116.1,0,177,2,2,0.2168,21.7,LOW
IND-PIPE-00432,22.66158,75.80952,22.666969,75.807545,22.664274,75.808533,19,Cast Iron,150,658.2,0,1659,12,4,0.59,59.0,MEDIUM
IND-PIPE-00433,22.66158,75.80952,22.654474,75.815541,22.658027,75.81253,29,PVC,600,1052.4,0,241,0,0,0.1607,16.1,LOW
IND-PIPE-00434,22.66158,75.80952,22.655325,75.807667,22.658452,75.808593,17,PVC,100,761.8,0,133,3,2,0.1437,14.4,LOW
IND-PIPE-00435,22.66158,75.80952,22.667514,75.810366,22.664547,75.809943,16,Concrete,200,679.8,1,601,1,0,0.2663,26.6,LOW
IND-PIPE-00436,22.66158,75.80952,22.664032,75.819438,22.662806,75.814479,18,PVC,100,1088.8,1,415,2,1,0.1864,18.6,LOW
IND-PIPE-00437,22.66158,75.80952,22.663522,75.810264,22.662551,75.809892,28,Steel,150,241.9,1,73,2,1,0.2564,25.6,LOW
IND-PIPE-00438,22.68745,75.808336,22.68093,75.80479,22.68419,75.806563,28,Ductile Iron,200,819.4,0,923,1,1,0.2016,20.2,LOW
IND-PIPE-00439,22.68745,75.808336,22.685377,75.811332,22.686414,75.809834,14,PVC,200,394.3,0,874,4,2,0.1641,16.4,LOW
IND-PIPE-00440,22.68745,75.808336,22.682595,75.811045,22.685023,75.809691,26,PVC,500,634.1,0,167,0,0,0.1362,13.6,LOW
IND-PIPE-00441,22.671301,75.80528,22.67076,75.805652,22.67103,75.805466,33,Ductile Iron,100,74.0,0,220,0,0,0.1467,14.7,LOW
IND-PIPE-00442,22.683267,75.815546,22.681907,75.816117,22.682587,75.815832,40,PVC,400,169.6,0,1934,4,2,0.3903,39.0,LOW
IND-PIPE-00443,22.67076,75.805652,22.668997,75.801376,22.669878,75.803514,24,Ductile Iron,200,485.8,0,187,0,0,0.1201,12.0,LOW
IND-PIPE-00444,22.693183,75.818043,22.692103,75.815974,22.692643,75.817008,13,Cast Iron,400,249.2,0,397,1,0,0.2328,23.3,LOW
IND-PIPE-00445,22.689748,75.814435,22.685377,75.811332,22.687562,75.812884,26,Ductile Iron,400,610.8,0,476,1,1,0.1549,15.5,LOW
IND-PIPE-00446,22.667199,75.812312,22.670397,75.813249,22.668798,75.81278,27,PVC,250,382.1,0,844,0,0,0.1754,17.5,LOW
IND-PIPE-00447,22.667199,75.812312,22.667514,75.810366,22.667357,75.811339,26,PVC,150,211.7,0,13,1,1,0.1391,13.9,LOW
IND-PIPE-00448,22.68093,75.80479,22.680745,75.802291,22.680838,75.80354,32,Ductile Iron,150,264.5,0,173,3,3,0.1936,19.4,LOW
IND-PIPE-00449,22.67726,75.808511,22.677718,75.804003,22.677489,75.806257,25,PVC,300,478.8,0,361,3,3,0.1909,19.1,LOW
IND-PIPE-00450,22.67726,75.808511,22.681907,75.816117,22.679584,75.812314,43,PVC,150,958.6,0,685,2,1,0.3055,30.5,LOW
IND-PIPE-00451,22.659145,75.820635,22.650837,75.817922,22.654991,75.819279,33,Steel,400,998.2,2,800,0,0,0.3936,39.4,LOW
IND-PIPE-00452,22.659145,75.820635,22.663771,75.819175,22.661458,75.819905,23,Steel,200,555.0,0,91,0,0,0.1781,17.8,LOW
IND-PIPE-00453,22.659145,75.820635,22.661491,75.824331,22.660318,75.822483,23,PVC,200,483.2,0,117,0,0,0.125,12.5,LOW
IND-PIPE-00454,22.681907,75.816117,22.678072,75.821419,22.67999,75.818768,32,PVC,150,720.8,1,113,7,4,0.3076,30.8,LOW
IND-PIPE-00455,22.681907,75.816117,22.677534,75.815533,22.679721,75.815825,17,Steel,150,508.7,0,3000,0,0,0.3726,37.3,LOW
IND-PIPE-00456,22.681907,75.816117,22.676909,75.809514,22.679408,75.812816,8,Ductile Iron,400,920.3,0,280,2,0,0.0886,8.9,LOW
IND-PIPE-00457,22.666969,75.807545,22.669375,75.804826,22.668172,75.806186,28,Cast Iron,200,401.3,0,143,3,0,0.3343,33.4,LOW
IND-PIPE-00458,22.666969,75.807545,22.668997,75.801376,22.667983,75.804461,30,PVC,150,686.7,0,236,0,0,0.1643,16.4,LOW
IND-PIPE-00459,22.666969,75.807545,22.667514,75.810366,22.667242,75.808956,25,PVC,250,304.3,0,578,8,0,0.1903,19.0,LOW
IND-PIPE-00460,22.686902,75.806413,22.682595,75.811045,22.684748,75.808729,22,Steel,100,707.0,0,43,1,1,0.1953,19.5,LOW
IND-PIPE-00461,22.670834,75.794695,22.669632,75.796308,22.670233,75.795501,19,PVC,100,221.4,0,271,1,0,0.1181,11.8,LOW
IND-PIPE-00462,22.674321,75.822184,22.669295,75.824402,22.671808,75.823293,18,Ductile Iron,150,637.9,0,37,1,1,0.1104,11.0,LOW
IND-PIPE-00463,22.677534,75.815533,22.678522,75.810134,22.678028,75.812833,30,Steel,150,581.5,0,149,2,1,0.2467,24.7,LOW
IND-PIPE-00464,22.674124,75.80532,22.672289,75.812535,22.673207,75.808928,36,Ductile Iron,100,810.8,0,305,1,0,0.1906,19.1,LOW
IND-PIPE-00465,22.659426,75.810674,22.66108,75.806035,22.660253,75.808354,19,PVC,100,536.7,0,33,0,0,0.111,11.1,LOW
IND-PIPE-00466,22.659426,75.810674,22.656524,75.808205,22.657975,75.809439,18,PVC,150,427.0,1,1243,0,0,0.1934,19.3,LOW
IND-PIPE-00467,22.664219,75.826321,22.668796,75.821492,22.666507,75.823906,19,Ductile Iron,200,720.9,0,209,1,0,0.1134,11.3,LOW
IND-PIPE-00468,22.664219,75.826321,22.662128,75.828138,22.663174,75.827229,35,PVC,100,306.4,0,421,0,0,0.1883,18.8,LOW
IND-PIPE-00469,22.664219,75.826321,22.657833,75.823672,22.661026,75.824997,11,PVC,100,801.6,0,233,1,0,0.1033,10.3,LOW
IND-PIPE-00470,22.658084,75.80851,22.66108,75.806035,22.659582,75.807272,32,Ductile Iron,100,441.3,0,411,0,0,0.1625,16.3,LOW
IND-PIPE-00471,22.658084,75.80851,22.658354,75.812716,22.658219,75.810613,23,Ductile Iron,400,439.7,2,1358,0,0,0.2403,24.0,LOW
IND-PIPE-00472,22.658084,75.80851,22.667514,75.810366,22.662799,75.809438,13,PVC,100,1117.6,0,1173,0,0,0.1567,15.7,LOW
IND-PIPE-00473,22.669295,75.824402,22.663771,75.819175,22.666533,75.821788,16,Concrete,200,843.6,0,40,0,0,0.188,18.8,LOW
IND-PIPE-00474,22.669295,75.824402,22.664032,75.819438,22.666663,75.82192,31,Steel,100,804.3,0,126,0,0,0.2323,23.2,LOW
IND-PIPE-00475,22.658911,75.82096,22.658354,75.812716,22.658632,75.816838,20,PVC,200,865.4,0,347,3,0,0.1467,14.7,LOW
IND-PIPE-00476,22.668796,75.821492,22.672289,75.812535,22.670542,75.817014,33,PVC,150,1023.9,0,1359,3,1,0.3078,30.8,LOW
IND-PIPE-00477,22.658354,75.812716,22.656524,75.808205,22.657439,75.81046,21,Ductile Iron,300,521.0,2,276,1,1,0.181,18.1,LOW
IND-PIPE-00478,22.670397,75.813249,22.668736,75.818798,22.669567,75.816023,24,PVC,100,631.2,0,145,1,0,0.1393,13.9,LOW
IND-PIPE-00479,22.670397,75.813249,22.664032,75.819438,22.667214,75.816343,32,Ductile Iron,200,986.3,1,204,1,1,0.2147,21.5,LOW
IND-PIPE-00480,22.670397,75.813249,22.663522,75.810264,22.666959,75.811756,20,Ductile Iron,200,834.2,0,224,1,0,0.1196,12.0,LOW
IND-PIPE-00481,22.662128,75.828138,22.662726,75.817651,22.662427,75.822894,48,Ductile Iron,400,1139.2,1,87,6,4,0.3981,39.8,LOW
IND-PIPE-00482,22.668736,75.818798,22.664032,75.819438,22.666384,75.819118,27,Ductile Iron,500,542.9,0,631,0,0,0.1482,14.8,LOW
IND-PIPE-00483,22.668736,75.818798,22.666906,75.81826,22.667821,75.818529,26,PVC,200,213.3,0,239,1,1,0.1497,15.0,LOW
IND-PIPE-00484,22.668736,75.818798,22.668561,75.815207,22.668649,75.817003,21,Concrete,600,390.9,1,291,1,1,0.2646,26.5,LOW
IND-PIPE-00485,22.667514,75.810366,22.672289,75.812535,22.669902,75.811451,35,Steel,150,594.7,1,830,0,0,0.3511,35.1,LOW
IND-PIPE-00486,22.664032,75.819438,22.668561,75.815207,22.666296,75.817322,35,Ductile Iron,500,700.2,0,723,3,0,0.2111,21.1,LOW
IND-PIPE-00487,22.664032,75.819438,22.661491,75.824331,22.662761,75.821884,37,PVC,100,594.4,0,27,0,0,0.1821,18.2,LOW
IND-PIPE-00488,22.652954,75.8248,22.657833,75.823672,22.655393,75.824236,26,Concrete,400,567.6,0,154,0,0,0.2338,23.4,LOW
IND-PIPE-00489,22.685377,75.811332,22.682595,75.811045,22.683986,75.811189,18,Ductile Iron,400,325.6,1,452,1,0,0.1319,13.2,LOW
IND-PIPE-00490,22.731046,75.893215,22.731721,75.887338,22.731384,75.890276,52,Ductile Iron,100,627.8,0,904,0,0,0.3173,31.7,LOW
IND-PIPE-00491,22.731046,75.893215,22.734532,75.897793,22.732789,75.895504,20,Cast Iron,800,627.0,2,212,4,2,0.418,41.8,MEDIUM
IND-PIPE-00492,22.731046,75.893215,22.730015,75.897268,22.730531,75.895241,33,Ductile Iron,500,455.1,0,138,0,0,0.1443,14.4,LOW
IND-PIPE-00493,22.731046,75.893215,22.725788,75.891262,22.728417,75.892239,38,PVC,300,630.1,0,1310,4,3,0.36,36.0,LOW
IND-PIPE-00494,22.733695,75.878916,22.73052,75.875661,22.732107,75.877288,40,Ductile Iron,250,492.4,0,1078,1,0,0.2518,25.2,LOW
IND-PIPE-00495,22.733695,75.878916,22.737848,75.881487,22.735771,75.880202,25,Ductile Iron,100,538.4,1,197,12,4,0.2782,27.8,LOW
IND-PIPE-00496,22.733695,75.878916,22.727783,75.875202,22.730739,75.877059,33,Steel,250,792.9,2,599,5,1,0.4328,43.3,MEDIUM
IND-PIPE-00497,22.748436,75.878657,22.744938,75.877096,22.746687,75.877876,40,PVC,200,430.9,0,622,5,3,0.3134,31.3,LOW
IND-PIPE-00498,22.729637,75.869332,22.726578,75.869866,22.728107,75.869599,29,Ductile Iron,200,348.7,1,796,5,2,0.2591,25.9,LOW
IND-PIPE-00499,22.729637,75.869332,22.728533,75.875468,22.729085,75.8724,29,PVC,150,669.7,1,55,0,0,0.1793,17.9,LOW
IND-PIPE-00500,22.729637,75.869332,22.727783,75.875202,22.72871,75.872267,27,Ductile Iron,500,667.7,1,288,4,2,0.2072,20.7,LOW
IND-PIPE-00501,22.730234,75.875,22.723866,75.872005,22.72705,75.873502,46,Steel,200,786.4,2,22,1,0,0.4214,42.1,MEDIUM
IND-PIPE-00502,22.730234,75.875,22.728985,75.870476,22.729609,75.872738,28,Steel,200,509.6,0,598,0,0,0.2366,23.7,LOW
IND-PIPE-00503,22.723866,75.872005,22.719191,75.878627,22.721528,75.875316,35,Cast Iron,250,889.1,0,168,0,0,0.3835,38.4,LOW
IND-PIPE-00504,22.723866,75.872005,22.726701,75.86934,22.725283,75.870672,46,Steel,500,436.6,1,132,5,3,0.4466,44.7,MEDIUM
IND-PIPE-00505,22.723866,75.872005,22.721584,75.873455,22.722725,75.87273,43,Cast Iron,100,311.3,3,268,0,0,0.5918,59.2,MEDIUM
IND-PIPE-00506,22.735473,75.890421,22.731721,75.887338,22.733597,75.88888,41,PVC,200,530.8,1,181,1,1,0.2675,26.7,LOW
IND-PIPE-00507,22.735473,75.890421,22.734266,75.891129,22.734869,75.890775,32,Ductile Iron,300,159.1,0,55,0,0,0.133,13.3,LOW
IND-PIPE-00508,22.735473,75.890421,22.737824,75.888303,22.736648,75.889362,39,Ductile Iron,200,352.3,0,25,0,0,0.1665,16.6,LOW
IND-PIPE-00509,22.720295,75.893444,22.72341,75.888417,22.721853,75.89093,28,Cast Iron,200,635.1,1,1809,5,4,0.6594,65.9,MEDIUM
IND-PIPE-00510,22.720295,75.893444,22.720886,75.883899,22.72059,75.888672,48,Ductile Iron,300,1015.3,0,2047,1,0,0.4162,41.6,MEDIUM
IND-PIPE-00511,22.728644,75.888495,22.731003,75.886404,22.729824,75.88745,40,Ductile Iron,150,346.5,0,545,11,6,0.3848,38.5,LOW
IND-PIPE-00512,22.728644,75.888495,22.731721,75.887338,22.730183,75.887916,40,Steel,150,367.4,0,13,0,0,0.2585,25.8,LOW
IND-PIPE-00513,22.728644,75.888495,22.7275,75.891441,22.728072,75.889968,45,PVC,400,342.2,1,43,0,0,0.245,24.5,LOW
IND-PIPE-00514,22.728644,75.888495,22.729163,75.887454,22.728904,75.887975,23,Cast Iron,300,124.0,0,239,3,1,0.3107,31.1,LOW
IND-PIPE-00515,22.728644,75.888495,22.72866,75.885128,22.728652,75.886812,38,Concrete,150,355.4,0,302,2,2,0.3742,37.4,LOW
IND-PIPE-00516,22.728644,75.888495,22.725664,75.885674,22.727154,75.887085,48,Ductile Iron,200,450.8,0,538,0,0,0.2507,25.1,LOW
IND-PIPE-00517,22.728644,75.888495,22.725788,75.891262,22.727216,75.889879,36,Steel,200,448.9,2,117,18,11,0.7012,70.1,HIGH
IND-PIPE-00518,22.728644,75.888495,22.725545,75.886253,22.727095,75.887374,32,Concrete,300,431.4,0,105,4,4,0.3643,36.4,LOW
IND-PIPE-00519,22.723701,75.871839,22.717871,75.869324,22.720786,75.870581,56,Ductile Iron,800,720.4,0,58,4,2,0.3162,31.6,LOW
IND-PIPE-00520,22.723701,75.871839,22.726578,75.869866,22.72514,75.870852,45,Ductile Iron,400,392.4,1,3000,8,5,0.6672,66.7,MEDIUM
IND-PIPE-00521,22.723701,75.871839,22.722837,75.873691,22.723269,75.872765,47,Cast Iron,400,222.5,1,272,4,4,0.617,61.7,MEDIUM
IND-PIPE-00522,22.723701,75.871839,22.727705,75.873217,22.725703,75.872528,34,Ductile Iron,250,486.5,0,481,6,3,0.2499,25.0,LOW
IND-PIPE-00523,22.732311,75.877279,22.733889,75.877295,22.7331,75.877287,35,Concrete,200,180.2,2,512,2,2,0.4662,46.6,MEDIUM
IND-PIPE-00524,22.732311,75.877279,22.726578,75.869866,22.729444,75.873573,36,Ductile Iron,300,1032.1,0,1038,0,0,0.2375,23.7,LOW
IND-PIPE-00525,22.732311,75.877279,22.735409,75.882166,22.73386,75.879723,29,Cast Iron,100,629.2,0,1698,2,2,0.5433,54.3,MEDIUM
IND-PIPE-00526,22.732311,75.877279,22.729783,75.876496,22.731047,75.876888,27,PVC,250,295.6,1,531,6,4,0.2819,28.2,LOW
IND-PIPE-00527,22.737338,75.871001,22.733889,75.877295,22.735614,75.874148,30,Cast Iron,200,793.3,2,914,2,1,0.5616,56.2,MEDIUM
IND-PIPE-00528,22.72341,75.888417,22.724001,75.888399,22.723706,75.888408,40,Ductile Iron,100,68.7,2,811,0,0,0.2959,29.6,LOW
IND-PIPE-00529,22.72341,75.888417,22.724978,75.883763,22.724194,75.88609,30,Cast Iron,200,537.6,1,863,1,1,0.481,48.1,MEDIUM
IND-PIPE-00530,22.72341,75.888417,22.725545,75.886253,22.724478,75.887335,33,Cast Iron,250,341.1,4,436,5,3,0.6789,67.9,MEDIUM
IND-PIPE-00531,22.72341,75.888417,22.725705,75.88644,22.724558,75.887428,27,Ductile Iron,250,332.2,0,1378,1,1,0.2097,21.0,LOW
IND-PIPE-00532,22.725571,75.879837,22.733889,75.877295,22.72973,75.878566,33,Ductile Iron,150,979.1,1,1350,6,4,0.4109,41.1,MEDIUM
IND-PIPE-00533,22.725571,75.879837,22.725664,75.885674,22.725617,75.882756,1,Ductile Iron,150,617.8,0,1867,0,0,0.1201,12.0,LOW
IND-PIPE-00534,22.725571,75.879837,22.723078,75.869835,22.724325,75.874836,39,Ductile Iron,300,1110.8,2,1801,6,4,0.5581,55.8,MEDIUM
IND-PIPE-00535,22.725571,75.879837,22.725705,75.88644,22.725638,75.883138,33,Ductile Iron,100,686.2,0,49,0,0,0.1535,15.3,LOW
IND-PIPE-00536,22.719191,75.878627,22.719094,75.883028,22.719142,75.880827,39,Steel,250,468.5,1,23,5,2,0.3736,37.4,LOW
IND-PIPE-00537,22.719191,75.878627,22.718891,75.883538,22.719041,75.881082,45,PVC,250,526.6,3,1053,2,2,0.5045,50.4,MEDIUM
IND-PIPE-00538,22.719191,75.878627,22.713106,75.880344,22.716149,75.879485,33,Cast Iron,250,719.4,1,1151,3,2,0.5794,57.9,MEDIUM
IND-PIPE-00539,22.719191,75.878627,22.72558,75.876377,22.722386,75.877502,43,Ductile Iron,200,773.2,1,157,5,4,0.3495,34.9,LOW
IND-PIPE-00540,22.724001,75.888399,22.731396,75.885998,22.727699,75.887199,31,Cast Iron,150,907.0,2,1367,3,3,0.6675,66.8,MEDIUM
IND-PIPE-00541,22.724001,75.888399,22.719701,75.892434,22.721851,75.890416,41,Steel,250,654.2,2,1552,1,0,0.5301,53.0,MEDIUM
IND-PIPE-00542,22.724001,75.888399,22.7275,75.891441,22.725751,75.88992,36,Cast Iron,150,519.2,2,273,0,0,0.4929,49.3,MEDIUM
IND-PIPE-00543,22.724001,75.888399,22.725664,75.885674,22.724833,75.887036,36,Concrete,100,353.0,3,135,4,2,0.5197,52.0,MEDIUM
IND-PIPE-00544,22.724001,75.888399,22.723109,75.891483,22.723555,75.889941,45,Ductile Iron,150,346.2,2,629,1,1,0.3504,35.0,LOW
IND-PIPE-00545,22.731396,75.885998,22.731721,75.887338,22.731558,75.886668,29,Steel,600,149.1,0,477,0,0,0.21,21.0,LOW
IND-PIPE-00546,22.731396,75.885998,22.732243,75.88113,22.731819,75.883564,31,Steel,250,526.8,2,346,6,1,0.388,38.8,LOW
IND-PIPE-00547,22.731396,75.885998,22.72866,75.885128,22.730028,75.885563,47,Cast Iron,150,325.3,0,934,8,4,0.6768,67.7,MEDIUM
IND-PIPE-00548,22.731396,75.885998,22.725664,75.885674,22.72853,75.885836,39,Ductile Iron,200,648.0,1,511,3,3,0.314,31.4,LOW
IND-PIPE-00549,22.731396,75.885998,22.737824,75.888303,22.73461,75.887151,30,Ductile Iron,500,768.0,0,152,1,0,0.1455,14.6,LOW
IND-PIPE-00550,22.734813,75.878751,22.729163,75.887454,22.731988,75.883103,34,Ductile Iron,250,1133.0,0,162,5,1,0.2141,21.4,LOW
IND-PIPE-00551,22.719701,75.892434,22.720886,75.883899,22.720293,75.888167,32,Ductile Iron,600,919.3,0,1966,5,2,0.3462,34.6,LOW
IND-PIPE-00552,22.719701,75.892434,22.723399,75.89193,22.72155,75.892182,32,Ductile Iron,250,436.3,2,598,3,2,0.2923,29.2,LOW
IND-PIPE-00553,22.735826,75.87227,22.738139,75.870484,22.736983,75.871377,39,PVC,300,327.5,0,96,0,0,0.183,18.3,LOW
IND-PIPE-00554,22.740201,75.887543,22.740109,75.885592,22.740155,75.886568,26,Concrete,500,210.1,2,722,6,5,0.504,50.4,MEDIUM
IND-PIPE-00555,22.721036,75.884935,22.729163,75.887454,22.725099,75.886195,32,Steel,250,973.1,0,477,10,7,0.4816,48.2,MEDIUM
IND-PIPE-00556,22.721036,75.884935,22.724158,75.888689,22.722597,75.886812,22,Ductile Iron,400,523.7,1,219,0,0,0.1359,13.6,LOW
IND-PIPE-00557,22.721036,75.884935,22.718891,75.883538,22.719963,75.884236,33,Ductile Iron,150,294.8,0,312,1,0,0.1611,16.1,LOW
IND-PIPE-00558,22.721036,75.884935,22.718041,75.882235,22.719539,75.883585,21,PVC,200,449.7,0,809,1,1,0.1662,16.6,LOW
IND-PIPE-00559,22.711992,75.890316,22.712768,75.88477,22.71238,75.887543,29,Steel,250,583.4,0,462,2,1,0.2622,26.2,LOW
IND-PIPE-00560,22.741464,75.880336,22.742339,75.881661,22.741902,75.880999,40,Ductile Iron,250,175.4,2,311,1,1,0.2775,27.8,LOW
IND-PIPE-00561,22.741464,75.880336,22.735409,75.882166,22.738436,75.881251,60,PVC,300,717.0,1,542,3,1,0.4591,45.9,MEDIUM
IND-PIPE-00562,22.733889,75.877295,22.732243,75.88113,22.733066,75.879213,33,Ductile Iron,150,455.6,0,207,7,4,0.2467,24.7,LOW
IND-PIPE-00563,22.733889,75.877295,22.728533,75.875468,22.731211,75.876382,33,Cast Iron,150,653.9,1,587,1,1,0.4841,48.4,MEDIUM
IND-PIPE-00564,22.7275,75.891441,22.723399,75.89193,22.725449,75.891685,39,Ductile Iron,400,481.9,1,341,2,2,0.2622,26.2,LOW
IND-PIPE-00565,22.7275,75.891441,22.725788,75.891262,22.726644,75.891352,54,Ductile Iron,200,194.7,1,563,4,3,0.4155,41.5,MEDIUM
IND-PIPE-00566,22.7275,75.891441,22.728125,75.883681,22.727813,75.887561,46,Cast Iron,300,839.0,2,2739,1,1,0.812,81.2,HIGH
IND-PIPE-00567,22.73052,75.875661,22.732243,75.88113,22.731381,75.878395,32,Cast Iron,250,620.3,2,911,4,3,0.6232,62.3,MEDIUM
IND-PIPE-00568,22.73052,75.875661,22.728502,75.878727,22.729511,75.877194,25,Steel,100,405.8,3,147,1,0,0.3152,31.5,LOW
IND-PIPE-00569,22.73052,75.875661,22.72866,75.885128,22.72959,75.880395,35,Concrete,150,1016.0,1,417,0,0,0.3896,39.0,LOW
IND-PIPE-00570,22.73052,75.875661,22.728533,75.875468,22.729526,75.875565,45,Steel,400,229.3,2,611,3,2,0.4966,49.7,MEDIUM
IND-PIPE-00571,22.73052,75.875661,22.728125,75.883681,22.729323,75.879671,37,PVC,200,906.7,0,106,0,0,0.1943,19.4,LOW
IND-PIPE-00572,22.73052,75.875661,22.729783,75.876496,22.730151,75.876079,58,Steel,100,122.9,2,96,5,5,0.6292,62.9,MEDIUM
IND-PIPE-00573,22.73052,75.875661,22.723078,75.869835,22.726799,75.872748,27,Steel,200,1055.4,1,157,8,4,0.3912,39.1,LOW
IND-PIPE-00574,22.73052,75.875661,22.721584,75.873455,22.726052,75.874558,37,PVC,150,1077.4,0,375,1,0,0.2257,22.6,LOW
IND-PIPE-00575,22.750012,75.86799,22.744938,75.877096,22.747475,75.872543,35,Cast Iron,150,1121.9,0,1322,3,2,0.5832,58.3,MEDIUM
IND-PIPE-00576,22.728985,75.870476,22.721584,75.873455,22.725284,75.871966,28,Steel,500,909.6,1,185,11,6,0.4493,44.9,MEDIUM
IND-PIPE-00577,22.730015,75.897268,22.725788,75.891262,22.727902,75.894265,42,Ductile Iron,200,785.4,1,544,3,1,0.308,30.8,LOW
IND-PIPE-00578,22.720886,75.883899,22.725545,75.886253,22.723216,75.885076,27,Ductile Iron,400,602.6,1,1139,12,7,0.4281,42.8,MEDIUM
IND-PIPE-00579,22.732243,75.88113,22.726868,75.883353,22.729556,75.882241,31,PVC,250,669.6,1,484,1,0,0.2209,22.1,LOW
IND-PIPE-00580,22.732243,75.88113,22.728502,75.878727,22.730372,75.879929,38,PVC,200,510.1,0,35,3,1,0.2125,21.3,LOW
IND-PIPE-00581,22.744938,75.877096,22.737848,75.881487,22.741393,75.879292,45,Cast Iron,250,931.7,1,104,13,11,0.8038,80.4,HIGH
IND-PIPE-00582,22.744938,75.877096,22.743021,75.873195,22.74398,75.875145,49,PVC,200,476.8,0,47,0,0,0.2398,24.0,LOW
IND-PIPE-00583,22.740109,75.885592,22.735409,75.882166,22.737759,75.883879,32,Ductile Iron,150,637.5,0,1806,8,3,0.378,37.8,LOW
IND-PIPE-00584,22.740109,75.885592,22.734266,75.891129,22.737187,75.888361,57,Ductile Iron,200,903.7,0,402,0,0,0.3154,31.5,LOW
IND-PIPE-00585,22.740109,75.885592,22.737824,75.888303,22.738966,75.886948,40,Cast Iron,800,386.9,0,503,0,0,0.4095,40.9,MEDIUM
IND-PIPE-00586,22.742339,75.881661,22.737824,75.888303,22.740081,75.884982,11,Concrete,800,857.2,0,423,1,0,0.1797,18.0,LOW
IND-PIPE-00587,22.723399,75.89193,22.725788,75.891262,22.724594,75.891596,40,Ductile Iron,250,286.8,0,198,1,1,0.1961,19.6,LOW
IND-PIPE-00588,22.723399,75.89193,22.725922,75.896989,22.72466,75.894459,40,Ductile Iron,300,613.2,0,1419,0,0,0.2753,27.5,LOW
IND-PIPE-00589,22.719094,75.883028,22.712768,75.88477,22.715931,75.883899,46,Ductile Iron,100,737.5,1,2153,0,0,0.4492,44.9,MEDIUM
IND-PIPE-00590,22.719094,75.883028,22.716344,75.874995,22.717719,75.879012,44,Ductile Iron,150,892.0,0,237,3,1,0.2576,25.8,LOW
IND-PIPE-00591,22.719094,75.883028,22.725545,75.886253,22.72232,75.884641,36,Ductile Iron,250,827.2,1,392,2,2,0.266,26.6,LOW
IND-PIPE-00592,22.719094,75.883028,22.718041,75.882235,22.718567,75.882631,34,PVC,600,146.1,0,277,3,2,0.1993,19.9,LOW
IND-PIPE-00593,22.726868,75.883353,22.725705,75.88644,22.726287,75.884896,48,Cast Iron,200,357.8,1,877,6,3,0.6914,69.1,MEDIUM
IND-PIPE-00594,22.728502,75.878727,22.724978,75.883763,22.72674,75.881245,35,Ductile Iron,200,655.1,0,201,2,0,0.1778,17.8,LOW
IND-PIPE-00595,22.728502,75.878727,22.728533,75.875468,22.728517,75.877098,42,PVC,200,345.4,0,888,2,0,0.2723,27.2,LOW
IND-PIPE-00596,22.728502,75.878727,22.728125,75.883681,22.728313,75.881204,29,Cast Iron,400,526.5,0,188,4,1,0.3713,37.1,LOW
IND-PIPE-00597,22.741766,75.866608,22.743021,75.873195,22.742394,75.869902,29,Ductile Iron,100,704.7,0,636,0,0,0.1696,17.0,LOW
IND-PIPE-00598,22.724158,75.888689,22.725545,75.886253,22.724852,75.887471,51,Ductile Iron,400,303.5,1,2787,2,1,0.5585,55.8,MEDIUM
IND-PIPE-00599,22.724158,75.888689,22.727511,75.890844,22.725835,75.889767,31,PVC,800,454.0,1,476,1,1,0.2122,21.2,LOW
IND-PIPE-00600,22.724158,75.888689,22.725705,75.88644,22.724932,75.887565,30,Cast Iron,100,295.0,2,518,1,0,0.4704,47.0,MEDIUM
IND-PIPE-00601,22.718891,75.883538,22.724978,75.883763,22.721934,75.88365,30,PVC,200,700.3,0,911,2,1,0.2316,23.2,LOW
IND-PIPE-00602,22.718891,75.883538,22.718041,75.882235,22.718466,75.882886,49,Ductile Iron,150,166.2,0,1401,3,3,0.4006,40.1,MEDIUM
IND-PIPE-00603,22.72866,75.885128,22.734266,75.891129,22.731463,75.888129,34,Steel,100,885.6,0,992,5,4,0.4455,44.6,MEDIUM
IND-PIPE-00604,22.72866,75.885128,22.728125,75.883681,22.728393,75.884405,35,Ductile Iron,200,164.7,0,1102,7,4,0.3207,32.1,LOW
IND-PIPE-00605,22.72866,75.885128,22.727783,75.875202,22.728221,75.880165,48,Cast Iron,300,1062.3,0,276,3,3,0.5896,59.0,MEDIUM
IND-PIPE-00606,22.71639,75.877142,22.718041,75.882235,22.717216,75.879688,42,Ductile Iron,300,571.2,0,337,1,1,0.2243,22.4,LOW
IND-PIPE-00607,22.71639,75.877142,22.722837,75.873691,22.719614,75.875417,40,Ductile Iron,200,814.8,1,805,0,0,0.279,27.9,LOW
IND-PIPE-00608,22.71639,75.877142,22.723078,75.869835,22.719734,75.873489,53,Ductile Iron,300,1112.4,3,383,5,4,0.5674,56.7,MEDIUM
IND-PIPE-00609,22.724978,75.883763,22.725788,75.891262,22.725383,75.887513,31,Steel,200,820.6,0,38,7,3,0.3218,32.2,LOW
IND-PIPE-00610,22.724978,75.883763,22.72558,75.876377,22.725279,75.88007,29,Steel,500,787.4,2,475,5,5,0.46,46.0,MEDIUM
IND-PIPE-00611,22.725664,75.885674,22.727511,75.890844,22.726588,75.888259,42,Ductile Iron,100,600.9,1,320,5,4,0.3532,35.3,LOW
IND-PIPE-00612,22.725664,75.885674,22.72558,75.876377,22.725622,75.881025,41,Cast Iron,100,995.0,2,1457,7,5,0.7997,80.0,HIGH
IND-PIPE-00613,22.725664,75.885674,22.718041,75.882235,22.721852,75.883955,39,PVC,100,952.3,1,226,0,0,0.2555,25.5,LOW
IND-PIPE-00614,22.725664,75.885674,22.728125,75.883681,22.726895,75.884678,23,PVC,200,346.5,1,1233,3,1,0.2482,24.8,LOW
IND-PIPE-00615,22.725788,75.891262,22.727511,75.890844,22.72665,75.891053,38,Cast Iron,150,208.1,4,1357,11,9,0.8791,87.9,HIGH
IND-PIPE-00616,22.725788,75.891262,22.725705,75.88644,22.725747,75.888851,30,Ductile Iron,250,501.0,1,109,3,1,0.1926,19.3,LOW
IND-PIPE-00617,22.725545,75.886253,22.718041,75.882235,22.721793,75.884244,43,Ductile Iron,200,971.2,1,208,2,0,0.2696,27.0,LOW
IND-PIPE-00618,22.725922,75.896989,22.723109,75.891483,22.724515,75.894236,52,Cast Iron,400,681.6,0,140,0,0,0.4965,49.6,MEDIUM
IND-PIPE-00619,22.72558,75.876377,22.728533,75.875468,22.727056,75.875922,36,Ductile Iron,150,357.6,0,493,7,4,0.2843,28.4,LOW
IND-PIPE-00620,22.72558,75.876377,22.722837,75.873691,22.724209,75.875034,51,Cast Iron,100,426.8,2,571,2,1,0.6708,67.1,MEDIUM
IND-PIPE-00621,22.728533,75.875468,22.727783,75.875202,22.728158,75.875335,38,Ductile Iron,300,92.3,0,128,1,1,0.1751,17.5,LOW
IND-PIPE-00622,22.722837,75.873691,22.723078,75.869835,22.722958,75.871763,36,Cast Iron,200,414.6,0,61,1,0,0.3684,36.8,LOW
IND-PIPE-00623,22.719301,75.81951,22.724608,75.814876,22.721955,75.817193,43,Steel,100,769.9,0,1161,11,9,0.6767,67.7,MEDIUM
IND-PIPE-00624,22.719301,75.81951,22.72528,75.819837,22.722291,75.819674,55,Ductile Iron,100,703.6,0,428,5,3,0.3951,39.5,LOW
IND-PIPE-00625,22.719301,75.81951,22.727644,75.818346,22.723472,75.818928,47,Steel,200,989.2,2,2039,1,0,0.6426,64.3,MEDIUM
IND-PIPE-00626,22.719301,75.81951,22.72084,75.82639,22.720071,75.82295,56,Cast Iron,100,757.3,5,361,11,7,0.9099,91.0,HIGH
IND-PIPE-00627,22.719301,75.81951,22.715116,75.821847,22.717209,75.820679,43,Steel,300,549.5,0,294,0,0,0.3037,30.4,LOW
IND-PIPE-00628,22.726208,75.826681,22.72255,75.824667,22.724379,75.825674,23,Cast Iron,150,476.3,1,388,4,1,0.4038,40.4,MEDIUM
IND-PIPE-00629,22.726208,75.826681,22.727199,75.825781,22.726704,75.826231,54,Steel,500,150.6,1,561,0,0,0.4332,43.3,MEDIUM
IND-PIPE-00630,22.726208,75.826681,22.727644,75.818346,22.726926,75.822513,45,Cast Iron,500,905.8,3,808,0,0,0.6715,67.1,MEDIUM
IND-PIPE-00631,22.726208,75.826681,22.727319,75.822762,22.726763,75.824722,61,PVC,100,442.1,1,1149,6,6,0.6484,64.8,MEDIUM
IND-PIPE-00632,22.726208,75.826681,22.722882,75.821921,22.724545,75.824301,60,PVC,300,637.0,2,42,3,1,0.4573,45.7,MEDIUM
IND-PIPE-00633,22.724049,75.823786,22.72528,75.819837,22.724665,75.821812,54,Steel,600,452.1,0,728,0,0,0.4086,40.9,MEDIUM
IND-PIPE-00634,22.724049,75.823786,22.720647,75.825022,22.722348,75.824404,37,Concrete,300,414.9,2,369,2,2,0.4752,47.5,MEDIUM
IND-PIPE-00635,22.724049,75.823786,22.726946,75.831576,22.725497,75.827681,40,Cast Iron,200,912.1,1,655,2,2,0.5862,58.6,MEDIUM
IND-PIPE-00636,22.724049,75.823786,22.721408,75.832657,22.722728,75.828221,36,Steel,250,997.2,0,1330,1,1,0.3995,39.9,LOW
IND-PIPE-00637,22.724049,75.823786,22.72059,75.821892,22.722319,75.822839,27,Concrete,200,446.4,0,749,0,0,0.2884,28.8,LOW
IND-PIPE-00638,22.724049,75.823786,22.715905,75.82217,22.719977,75.822978,25,Cast Iron,150,970.4,2,568,13,3,0.6345,63.4,MEDIUM
IND-PIPE-00639,22.736378,75.821648,22.729253,75.818248,22.732816,75.819948,52,Cast Iron,300,879.2,4,423,4,3,0.8036,80.4,HIGH
IND-PIPE-00640,22.736378,75.821648,22.739325,75.83056,22.737851,75.826104,42,Cast Iron,200,999.9,3,586,0,0,0.6444,64.4,MEDIUM
IND-PIPE-00641,22.718039,75.824875,22.72315,75.828123,22.720594,75.826499,49,Cast Iron,400,680.4,5,907,15,15,0.955,95.5,HIGH
IND-PIPE-00642,22.718039,75.824875,22.719879,75.82365,22.718959,75.824263,12,Cast Iron,800,253.1,0,916,4,2,0.3101,31.0,LOW
IND-PIPE-00643,22.718039,75.824875,22.715905,75.82217,22.716972,75.823522,61,Cast Iron,100,378.0,4,302,10,8,0.9003,90.0,HIGH
IND-PIPE-00644,22.718039,75.824875,22.715059,75.822469,22.716549,75.823672,36,PVC,250,436.4,0,633,4,1,0.2473,24.7,LOW
IND-PIPE-00645,22.724654,75.822863,22.726759,75.822009,22.725706,75.822436,39,Cast Iron,300,255.1,3,749,2,2,0.6541,65.4,MEDIUM
IND-PIPE-00646,22.724654,75.822863,22.731747,75.822216,22.7282,75.822539,70,Concrete,150,838.0,4,1404,6,5,0.9089,90.9,HIGH
IND-PIPE-00647,22.724654,75.822863,22.720647,75.825022,22.72265,75.823942,51,Concrete,300,510.9,5,2297,15,12,0.9566,95.7,HIGH
IND-PIPE-00648,22.724654,75.822863,22.72059,75.821892,22.722622,75.822377,21,Cast Iron,100,481.7,0,504,5,1,0.36,36.0,LOW
IND-PIPE-00649,22.724654,75.822863,22.722882,75.821921,22.723768,75.822392,25,Steel,150,229.8,0,390,7,1,0.2562,25.6,LOW
IND-PIPE-00650,22.742531,75.844307,22.734289,75.845017,22.73841,75.844662,42,Concrete,300,940.1,1,272,6,2,0.5135,51.4,MEDIUM
IND-PIPE-00651,22.718793,75.813686,22.719432,75.814501,22.719112,75.814094,31,Cast Iron,250,112.9,0,1841,3,2,0.5508,55.1,MEDIUM
IND-PIPE-00652,22.718793,75.813686,22.717801,75.81176,22.718297,75.812723,41,Ductile Iron,250,231.1,0,451,8,4,0.3127,31.3,LOW
IND-PIPE-00653,22.718793,75.813686,22.714298,75.819672,22.716545,75.816679,44,Steel,300,807.8,0,84,5,2,0.3803,38.0,LOW
IND-PIPE-00654,22.718793,75.813686,22.724608,75.814876,22.721701,75.814281,52,Ductile Iron,250,696.5,4,439,6,5,0.627,62.7,MEDIUM
IND-PIPE-00655,22.742943,75.814743,22.738953,75.816106,22.740948,75.815425,42,Cast Iron,150,471.9,2,1831,10,4,0.815,81.5,HIGH
IND-PIPE-00656,22.732007,75.813831,22.7357,75.816162,22.733853,75.814996,65,Concrete,400,485.8,7,120,2,2,0.8529,85.3,HIGH
IND-PIPE-00657,22.732007,75.813831,22.733256,75.82283,22.732631,75.81833,53,Cast Iron,150,969.7,1,19,1,0,0.5784,57.8,MEDIUM
IND-PIPE-00658,22.732007,75.813831,22.727056,75.812097,22.729531,75.812964,67,Cast Iron,400,610.6,4,498,1,1,0.8281,82.8,HIGH
IND-PIPE-00659,22.732007,75.813831,22.727644,75.818346,22.729825,75.816088,47,Cast Iron,200,699.0,1,462,1,1,0.5814,58.1,MEDIUM
IND-PIPE-00660,22.732007,75.813831,22.735548,75.811912,22.733777,75.812872,47,Cast Iron,300,454.9,2,918,10,6,0.8024,80.2,HIGH
IND-PIPE-00661,22.732007,75.813831,22.727319,75.822762,22.729663,75.818297,33,Concrete,200,1090.5,0,1145,9,4,0.5579,55.8,MEDIUM
IND-PIPE-00662,22.719432,75.814501,22.717801,75.81176,22.718616,75.81313,51,Cast Iron,400,347.6,4,839,2,2,0.781,78.1,HIGH
IND-PIPE-00663,22.719432,75.814501,22.714298,75.819672,22.716865,75.817086,30,Steel,250,807.9,2,260,3,1,0.3602,36.0,LOW
IND-PIPE-00664,22.719432,75.814501,22.72026,75.816443,22.719846,75.815472,46,PVC,150,228.8,1,1517,0,0,0.3846,38.5,LOW
IND-PIPE-00665,22.719432,75.814501,22.715059,75.822469,22.717245,75.818485,34,PVC,100,978.9,0,1036,0,0,0.2491,24.9,LOW
IND-PIPE-00666,22.731261,75.81369,22.730542,75.813933,22.730901,75.813812,40,PVC,150,87.8,0,435,0,0,0.206,20.6,LOW
IND-PIPE-00667,22.731261,75.81369,22.7357,75.816162,22.73348,75.814926,62,Cast Iron,250,576.7,0,2145,1,1,0.7771,77.7,HIGH
IND-PIPE-00668,22.731261,75.81369,22.729253,75.818248,22.730257,75.815969,56,PVC,250,533.6,0,571,1,1,0.3555,35.5,LOW
IND-PIPE-00669,22.731261,75.81369,22.735548,75.811912,22.733405,75.812801,50,Ductile Iron,100,525.9,2,1828,1,1,0.5197,52.0,MEDIUM
IND-PIPE-00670,22.731261,75.81369,22.724657,75.819057,22.727959,75.816373,26,Cast Iron,200,935.6,1,84,2,0,0.3801,38.0,LOW
IND-PIPE-00671,22.731261,75.81369,22.734745,75.81558,22.733003,75.814635,55,PVC,300,457.5,0,689,5,3,0.4273,42.7,MEDIUM
IND-PIPE-00672,22.734628,75.831771,22.731156,75.834063,22.732892,75.832917,38,PVC,600,464.3,0,387,0,0,0.1936,19.4,LOW
IND-PIPE-00673,22.734628,75.831771,22.733256,75.82283,22.733942,75.827301,51,Steel,100,960.4,0,3000,1,1,0.6837,68.4,MEDIUM
IND-PIPE-00674,22.734628,75.831771,22.739325,75.83056,22.736977,75.831166,56,Cast Iron,250,568.6,2,1946,2,2,0.8211,82.1,HIGH
IND-PIPE-00675,22.731156,75.834063,22.728764,75.83532,22.72996,75.834692,55,Cast Iron,500,300.4,2,2546,1,1,0.8217,82.2,HIGH
IND-PIPE-00676,22.731156,75.834063,22.725815,75.831944,22.728485,75.833004,72,Cast Iron,300,646.1,1,57,0,0,0.6916,69.2,MEDIUM
IND-PIPE-00677,22.709455,75.81435,22.714298,75.819672,22.711876,75.817011,43,Ductile Iron,100,783.6,2,1869,7,5,0.6157,61.6,MEDIUM
IND-PIPE-00678,22.717801,75.81176,22.724263,75.814533,22.721032,75.813146,62,PVC,150,801.4,0,448,0,0,0.3765,37.7,LOW
IND-PIPE-00679,22.717801,75.81176,22.72026,75.816443,22.719031,75.814101,51,Ductile Iron,100,576.0,1,138,1,0,0.2946,29.5,LOW
IND-PIPE-00680,22.72255,75.824667,22.726759,75.822009,22.724654,75.823338,42,Cast Iron,200,556.9,2,1969,5,2,0.7693,76.9,HIGH
IND-PIPE-00681,22.72255,75.824667,22.724608,75.814876,22.723579,75.819771,53,Cast Iron,150,1071.9,1,1559,1,0,0.7254,72.5,HIGH
IND-PIPE-00682,22.72255,75.824667,22.72059,75.821892,22.72157,75.823279,37,Steel,250,377.9,2,214,1,1,0.3703,37.0,LOW
IND-PIPE-00683,22.72255,75.824667,22.727319,75.822762,22.724934,75.823715,24,Ductile Iron,250,582.6,1,217,6,4,0.2301,23.0,LOW
IND-PIPE-00684,22.72255,75.824667,22.715116,75.821847,22.718833,75.823257,55,Steel,800,921.2,2,140,3,1,0.5258,52.6,MEDIUM
IND-PIPE-00685,22.724263,75.814533,22.725952,75.815155,22.725107,75.814844,58,Concrete,800,200.3,2,203,0,0,0.5345,53.5,MEDIUM
IND-PIPE-00686,22.726759,75.822009,22.729546,75.823311,22.728153,75.82266,49,Steel,600,350.8,2,1496,7,7,0.736,73.6,HIGH
IND-PIPE-00687,22.726759,75.822009,22.727199,75.825781,22.726979,75.823895,54,Steel,300,401.6,1,48,3,2,0.4686,46.9,MEDIUM
IND-PIPE-00688,22.726759,75.822009,22.72026,75.816443,22.72351,75.819226,56,Steel,150,944.4,4,1060,5,4,0.7973,79.7,HIGH
IND-PIPE-00689,22.726759,75.822009,22.724657,75.819057,22.725708,75.820533,48,Cast Iron,250,403.5,5,554,11,10,0.9081,90.8,HIGH
IND-PIPE-00690,22.730542,75.813933,22.729546,75.823311,22.730044,75.818622,54,Ductile Iron,100,1002.4,1,439,6,6,0.5262,52.6,MEDIUM
IND-PIPE-00691,22.730542,75.813933,22.729253,75.818248,22.729898,75.816091,45,Ductile Iron,500,480.1,0,470,6,5,0.347,34.7,LOW
IND-PIPE-00692,22.7357,75.816162,22.735548,75.811912,22.735624,75.814037,45,Ductile Iron,100,449.9,0,781,0,0,0.2546,25.5,LOW
IND-PIPE-00693,22.733256,75.82283,22.731747,75.822216,22.732501,75.822523,35,PVC,150,181.2,1,1531,4,3,0.3938,39.4,LOW
IND-PIPE-00694,22.733256,75.82283,22.72528,75.819837,22.729268,75.821334,44,Cast Iron,100,962.8,2,830,5,2,0.7101,71.0,HIGH
IND-PIPE-00695,22.733256,75.82283,22.733807,75.821452,22.733532,75.822141,33,Ductile Iron,100,162.6,1,354,5,4,0.2761,27.6,LOW
IND-PIPE-00696,22.729546,75.823311,22.731747,75.822216,22.730646,75.822763,67,Steel,150,281.0,3,2074,10,10,0.9212,92.1,HIGH
IND-PIPE-00697,22.729546,75.823311,22.720698,75.826751,22.725122,75.825031,51,Steel,150,1082.3,2,172,1,1,0.5131,51.3,MEDIUM
IND-PIPE-00698,22.729546,75.823311,22.737432,75.825847,22.733489,75.824579,68,Concrete,200,964.0,1,330,0,0,0.6318,63.2,MEDIUM
IND-PIPE-00699,22.724305,75.82652,22.72315,75.828123,22.723728,75.827321,44,Steel,100,220.1,3,1194,5,5,0.6843,68.4,MEDIUM
IND-PIPE-00700,22.724305,75.82652,22.726946,75.831576,22.725626,75.829048,33,Concrete,200,623.8,1,144,4,4,0.4404,44.0,MEDIUM
IND-PIPE-00701,22.724305,75.82652,22.727319,75.822762,22.725812,75.824641,43,Concrete,150,529.7,3,65,2,1,0.5361,53.6,MEDIUM
IND-PIPE-00702,22.729253,75.818248,22.727644,75.818346,22.728449,75.818297,46,Ductile Iron,150,188.2,0,274,4,3,0.2846,28.5,LOW
IND-PIPE-00703,22.729253,75.818248,22.734745,75.81558,22.731999,75.816914,37,Cast Iron,150,695.5,1,605,2,2,0.549,54.9,MEDIUM
IND-PIPE-00704,22.727056,75.812097,22.724608,75.814876,22.725832,75.813486,50,Steel,200,407.5,3,3,0,0,0.476,47.6,MEDIUM
IND-PIPE-00705,22.727056,75.812097,22.72528,75.819837,22.726168,75.815967,51,Steel,250,845.7,1,447,1,0,0.4514,45.1,MEDIUM
IND-PIPE-00706,22.727056,75.812097,22.724657,75.819057,22.725856,75.815577,56,PVC,200,801.8,0,1444,1,1,0.4568,45.7,MEDIUM
IND-PIPE-00707,22.714298,75.819672,22.72084,75.82639,22.717569,75.823031,54,Steel,150,1032.6,2,772,0,0,0.5662,56.6,MEDIUM
IND-PIPE-00708,22.714298,75.819672,22.715905,75.82217,22.715101,75.820921,34,Cast Iron,100,320.6,0,20,2,1,0.3765,37.6,LOW
IND-PIPE-00709,22.724608,75.814876,22.731747,75.822216,22.728178,75.818546,32,Steel,250,1111.8,1,460,3,2,0.3775,37.7,LOW
IND-PIPE-00710,22.731747,75.822216,22.725952,75.815155,22.728849,75.818685,21,Steel,250,1005.1,2,2649,4,0,0.5299,53.0,MEDIUM
IND-PIPE-00711,22.731747,75.822216,22.733807,75.821452,22.732777,75.821834,49,Cast Iron,150,255.4,0,1148,4,3,0.657,65.7,MEDIUM
IND-PIPE-00712,22.72528,75.819837,22.720647,75.825022,22.722964,75.82243,45,PVC,250,759.9,0,644,1,1,0.2959,29.6,LOW
IND-PIPE-00713,22.719891,75.814744,22.719879,75.82365,22.719885,75.819197,68,PVC,250,945.9,1,1586,5,4,0.7092,70.9,HIGH
IND-PIPE-00714,22.725952,75.815155,22.72026,75.816443,22.723106,75.815799,46,Concrete,400,668.8,1,1195,3,2,0.5944,59.4,MEDIUM
IND-PIPE-00715,22.725952,75.815155,22.724657,75.819057,22.725304,75.817106,55,Cast Iron,500,443.9,4,140,0,0,0.7063,70.6,HIGH
IND-PIPE-00716,22.720423,75.830337,22.721939,75.838282,22.721181,75.83431,51,Steel,250,864.1,0,59,0,0,0.3538,35.4,LOW
IND-PIPE-00717,22.720423,75.830337,22.716143,75.830976,22.718283,75.830657,42,Steel,500,504.3,2,3000,7,6,0.8003,80.0,HIGH
IND-PIPE-00718,22.720423,75.830337,22.725815,75.831944,22.723119,75.831141,58,Ductile Iron,100,632.3,2,741,3,2,0.5149,51.5,MEDIUM
IND-PIPE-00719,22.720698,75.826751,22.72315,75.828123,22.721924,75.827437,48,Steel,150,311.3,2,90,4,2,0.4895,49.0,MEDIUM
IND-PIPE-00720,22.721939,75.838282,22.725815,75.831944,22.723877,75.835113,39,Steel,150,801.9,2,351,14,11,0.727,72.7,HIGH
IND-PIPE-00721,22.721939,75.838282,22.721408,75.832657,22.721674,75.83547,54,Steel,200,602.5,1,526,11,10,0.745,74.5,HIGH
IND-PIPE-00722,22.727199,75.825781,22.72315,75.828123,22.725175,75.826952,18,Steel,150,540.8,0,173,2,1,0.1833,18.3,LOW
IND-PIPE-00723,22.72026,75.816443,22.72059,75.821892,22.720425,75.819167,51,Steel,200,585.2,2,223,3,1,0.5093,50.9,MEDIUM
IND-PIPE-00724,22.737432,75.825847,22.739389,75.82046,22.73841,75.823154,39,Cast Iron,500,612.4,1,543,2,2,0.5406,54.1,MEDIUM
IND-PIPE-00725,22.716143,75.830976,22.720647,75.825022,22.718395,75.827999,46,Steel,600,823.8,1,428,2,2,0.4452,44.5,MEDIUM
IND-PIPE-00726,22.716143,75.830976,22.719824,75.827388,22.717984,75.829182,34,Cast Iron,250,564.9,1,18,0,0,0.3969,39.7,LOW
IND-PIPE-00727,22.720647,75.825022,22.719879,75.82365,22.720263,75.824336,46,Steel,200,169.4,1,180,3,2,0.412,41.2,MEDIUM
IND-PIPE-00728,22.720647,75.825022,22.719824,75.827388,22.720235,75.826205,59,Steel,200,273.7,2,124,7,5,0.659,65.9,MEDIUM
IND-PIPE-00729,22.720647,75.825022,22.72084,75.82639,22.720743,75.825706,55,Cast Iron,250,146.4,2,1235,9,9,0.8744,87.4,HIGH
IND-PIPE-00730,22.720647,75.825022,22.722882,75.821921,22.721764,75.823472,40,PVC,200,418.2,2,422,6,4,0.4204,42.0,MEDIUM
IND-PIPE-00731,22.739325,75.83056,22.735215,75.833683,22.73727,75.832122,69,Steel,250,567.3,5,322,4,4,0.8268,82.7,HIGH
IND-PIPE-00732,22.726946,75.831576,22.735215,75.833683,22.731081,75.83263,47,Cast Iron,250,986.9,0,1426,1,0,0.6176,61.8,MEDIUM
IND-PIPE-00733,22.710293,75.826422,22.715116,75.821847,22.712705,75.824135,46,Cast Iron,200,731.2,4,1723,7,5,0.8822,88.2,HIGH
IND-PIPE-00734,22.727644,75.818346,22.724657,75.819057,22.72615,75.818701,34,Cast Iron,300,349.7,2,37,1,1,0.4679,46.8,MEDIUM
IND-PIPE-00735,22.727644,75.818346,22.727319,75.822762,22.727481,75.820554,36,Ductile Iron,500,463.2,1,172,4,2,0.2412,24.1,LOW
IND-PIPE-00736,22.727644,75.818346,22.734745,75.81558,22.731194,75.816963,37,Steel,500,869.8,0,535,3,2,0.351,35.1,LOW
IND-PIPE-00737,22.733807,75.821452,22.734745,75.81558,22.734276,75.818516,40,Cast Iron,300,627.8,4,1360,0,0,0.726,72.6,HIGH
IND-PIPE-00738,22.725815,75.831944,22.722882,75.821921,22.724348,75.826933,68,Cast Iron,300,1142.7,1,101,2,2,0.7381,73.8,HIGH
IND-PIPE-00739,22.735548,75.811912,22.734745,75.81558,22.735147,75.813746,37,Steel,150,400.7,2,464,2,1,0.4081,40.8,MEDIUM
IND-PIPE-00740,22.719879,75.82365,22.715059,75.822469,22.717469,75.823059,50,PVC,100,569.3,0,499,3,3,0.3665,36.6,LOW
IND-PIPE-00741,22.719879,75.82365,22.715116,75.821847,22.717498,75.822749,29,PVC,150,575.9,1,198,4,3,0.2515,25.1,LOW
IND-PIPE-00742,22.72059,75.821892,22.72084,75.82639,22.720715,75.824141,31,Steel,100,483.2,0,851,1,0,0.2838,28.4,LOW
IND-PIPE-00743,22.72059,75.821892,22.715905,75.82217,22.718247,75.822031,43,Cast Iron,150,548.6,1,1217,1,1,0.6203,62.0,MEDIUM
IND-PIPE-00744,22.72059,75.821892,22.724657,75.819057,22.722623,75.820474,52,Cast Iron,100,567.2,4,354,0,0,0.7228,72.3,HIGH
IND-PIPE-00745,22.72059,75.821892,22.727319,75.822762,22.723954,75.822327,60,Cast Iron,200,797.6,3,2346,0,0,0.8639,86.4,HIGH
IND-PIPE-00746,22.72059,75.821892,22.722882,75.821921,22.721736,75.821907,51,Cast Iron,300,269.3,2,313,1,0,0.6045,60.4,MEDIUM
IND-PIPE-00747,22.719824,75.827388,22.72084,75.82639,22.720332,75.826889,48,Ductile Iron,200,157.3,1,668,1,0,0.2995,30.0,LOW
IND-PIPE-00748,22.719824,75.827388,22.727319,75.822762,22.723571,75.825075,37,PVC,150,996.1,0,1584,4,1,0.3634,36.3,LOW
IND-PIPE-00749,22.715905,75.82217,22.715116,75.821847,22.715511,75.822009,42,Cast Iron,500,98.0,2,1029,4,3,0.6733,67.3,MEDIUM
IND-PIPE-00750,22.724657,75.819057,22.727319,75.822762,22.725988,75.820909,75,Ductile Iron,500,506.0,1,58,2,1,0.4736,47.4,MEDIUM
